Customer_ID,Full_Name,Age,Email,Phone,Total_Spent,Join_Date
CUST-0000,An Vũ,58,johntran@hoang.com,0901338908,120.22,2024-07-26
CUST-0001,Lâm Mai Hoàng,65,lejane@yahoo.com,0942351161,282.28,2024-11-27
CUST-0002,,32,,0949593103,148.14,2025-10-15
CUST-0003,Vũ Phạm,24,dvu@le.com,0941928327,679.93,2024-12-13
CUST-0004,Tùng Phạm,52,phamjohn@yahoo.com,0964139537,96.07,2024-12-26
CUST-0005,Anh Anh Lê,45,jane96@pham.info,0910122691,41.46,2024-12-17
CUST-0006,,23,tranjane@hotmail.com,0951462704,226.45,2025-03-17
CUST-0007,Cô Hải Vũ,50,janele@hoang.info,0901543039,606.0,2024-04-24
CUST-0008,Nhật Dương,53,johnduong@vu.org,0963834657,206.85,2026-01-21
CUST-0009,Ông Quang Phạm,59,john98@hoang.com,0903105183,704.31,2024-09-26
CUST-0010,Anh Tùng Lê,44,janebui@gmail.com,0911656670,228.24,2025-07-30
CUST-0011,An Bùi,55,phamjohngmail.com,0987262473ABC,285.41,2026-01-02
CUST-0012,Nhật Mai,18,maijohn@pham.biz,0977360260,761.22,2024-12-22
CUST-0013,Bảo Vũ,28,mle@yahoo.com,0930980500,701.16,2025-05-21
CUST-0014,Anh Hưng Mai,39,johnhoang@pham.com,0993990916,285.09,2025-07-17
CUST-0015,Anh Hoàng Đặng,31,,0907991183,957.64,2025-03-21
CUST-0016,Hoàng Đặng,39,janevu@duong.com,0998084124,111.19,2024-05-22
CUST-0017,Nhật Mai,42,jane93@pham.info,0940164005ABC,105.75,2025-10-13
CUST-0018,Bà Bảo Dương,40,tranjohn@hotmail.com,0928059826,607.69,2024-05-31
CUST-0019,Thảo Đặng,20,john31@mai.com,0932260256,732.43,2025-11-07
CUST-0020,Bà Lan Trần,52,,0975433036,133.58,2024-11-03
CUST-0021,Vũ Vũ,42,vmai@gmail.com,0914294019,88.01,2025-01-25
CUST-0022,Dũng Bảo Hoàng,36,mhoang@nguyen.net,0983561595ABC,831.11,2025-07-22
CUST-0023,Nhật Vũ,57,zdang@hotmail.com,0948236629,886.6,2025-05-10
CUST-0024,Thành Mai,41,jane36@duong.com,0987214895,581.58,2024-05-05
CUST-0025,Bà Mai Phạm,63,nguyenjohn@hoang.com,0976936763,78.86,2024-06-16
CUST-0026,Xuân Trần,60,johnmai@yahoo.com,0908317278,235.62,2025-05-02
CUST-0027,Bảo Bảo Mai,36,janeduong@yahoo.com,0934873471,985.37,2025-08-30
CUST-0028,Quang Vũ,32,john22@gmail.com,0962316658,867.82,2025-02-18
CUST-0029,An Hoàng Bùi,42,hoangjane@yahoo.com,0905466889,285.19,2026-01-20
CUST-0030,Quý cô Mai Vũ,58,ynguyenyahoo.com,0962729806,835.77,2025-05-27
CUST-0031,Hương Bùi,28,dle@bui.info,0955646417,376.48,2024-03-09
CUST-0032,Linh Phạm,31,nguyenjohn@nguyen.com,0927193745,673.47,2024-07-02
CUST-0033,Bảo Vũ,62,vujane@pham.org,0931491905,937.29,2025-04-11
CUST-0034,Hải Phú Trần,59,buijane@gmail.com,0965726284,80.69,2025-06-15
CUST-0035,Quý ông Huy Hoàng,58,john14@yahoo.com,0937996507,179.43,2025-12-14
CUST-0036,Phúc Mai Bảo Phạm,64,jane49@hotmail.com,0948083136,252.36,2025-03-08
CUST-0037,Quý cô Dương Dương,47,,0963495788,385.66,2024-11-16
CUST-0038,Nhật Tấn Đặng,58,jane43@gmail.com,0935182337,691.28,2024-09-24
CUST-0039,Tú Phạm,32,janele@yahoo.com,0908240084,687.77,2025-08-17
CUST-0040,Quý cô Hà Nguyễn,21,cduong@yahoo.com,0920471167,-298.92,2024-04-20
CUST-0041,,20,phamjohn@hotmail.com,0969993867,807.0,2026-01-28
CUST-0042,Bác Nhiên Bùi,43,hoangjohn@gmail.com,0934123281,275.06,2024-06-23
CUST-0043,Hồng Dương,31,john34@hotmail.com,0947134936ABC,914.0,2024-05-22
CUST-0044,Chị Xuân Vũ,54,nguyenjohn@hoang.info,0917464887,877.6,2025-01-28
CUST-0045,Khoa Nguyễn,38,jane01@gmail.com,0999049027,220.5,2025-04-01
CUST-0046,Bác Phúc Hoàng,49,etran@yahoo.com,0965512567,401.68,2024-10-03
CUST-0047,Phương Thị Dương,59,jane51@mai.com,0987603859,-35.38,2025-10-02
CUST-0048,Quý ông Hưng Phạm,34,janeduong@hotmail.com,0971093248,148.23,2024-03-04
CUST-0049,,65,lejane@hotmail.com,0948467737,565.75,2025-04-26
CUST-0050,Quý cô Lâm Hoàng,34,vujane@mai.com,0944997278,749.54,2025-03-05
CUST-0051,Dũng Hữu Dương,45,johnhoang@yahoo.com,0936057662,898.84,2025-03-13
CUST-0052,Lan Mai,43,duongjohn@hotmail.com,0970262174,368.38,2024-11-11
CUST-0053,Hải Quang Đặng,26,jane80@hotmail.com,0913431611,514.43,2025-02-01
CUST-0054,Bà An Nguyễn,23,vujane@yahoo.com,0962386922,758.22,2024-07-07
CUST-0055,Khoa Bùi,25,jhoang@duong.com,0907482175ABC,161.31,2025-05-24
CUST-0056,Huy Vũ,28,john67@gmail.com,0936959440,794.16,2025-11-28
CUST-0057,Hạnh Văn Hoàng,45,xvu@hoang.com,0994210470,600.44,2025-05-18
CUST-0058,Hoàng Quang Vũ,-5,mle@gmail.com,0985884247,387.8,2025-11-10
CUST-0059,Dũng Trần,47,lejohn@hotmail.com,0968516048,533.82,2024-05-28
CUST-0060,Bác Anh Hoàng,53,john37@gmail.com,0998593174,862.17,2025-07-11
CUST-0061,Hà Trí Nguyễn,18,jane11@mai.info,0958692617,683.48,2025-06-15
CUST-0062,Hạnh Thị Đặng,25,pduongtran.com,0906431713,684.89,2025-07-05
CUST-0063,Ngọc Đặng,52,johntranhoang.com,0952904228,753.37,2024-09-04
CUST-0064,Cô Hải Nguyễn,59,dangjohn@nguyen.com,0926811775,346.77,2025-03-27
CUST-0065,Nhật Mai,36,,0966177115,440.42,2025-06-09
CUST-0066,Cô Bảo Vũ,47,hhoang@yahoo.com,0978961183,13.21,2025-01-22
CUST-0067,Anh Huy Đặng,64,,0956545271,877.09,2024-05-03
CUST-0068,Hà Bùi,34,,0904945198,972.17,2024-08-06
CUST-0069,Quý cô Lâm Trần,29,john49@gmail.com,0968998094,512.6,2024-03-16
CUST-0070,Bà Nhật Vũ,24,john22@hotmail.com,0961201836,871.81,2025-01-14
CUST-0071,Bác Phúc Đặng,37,,0990147679ABC,843.25,2025-01-31
CUST-0072,Hạnh Hoàng Mai,50,jane14@mai.com,0903690034,-216.96,2024-08-05
CUST-0073,Bà Hạnh Đặng,27,duongjane@le.com,0988516060,380.17,2025-02-14
CUST-0074,Thành Hoàng,28,sbui@gmail.com,0960529751,543.99,2025-01-27
CUST-0075,Lâm Bùi,51,buijane@hotmail.com,0953521818,919.31,2025-03-25
CUST-0076,Bà Linh Lê,56,lejane@le.com,0927799799,330.91,2024-10-31
CUST-0077,Hoàng Mai Trần,19,yvu@yahoo.com,0990581477,120.75,2024-03-23
CUST-0078,,41,hoangjane@hoang.com,0979359782,879.93,2024-04-11
CUST-0079,Ông Dũng Trần,37,phamjane@mai.org,0925546659ABC,247.06,2024-04-03
CUST-0080,Vũ Tấn Trần,33,jane92@yahoo.com,0919254629,879.23,2025-08-26
CUST-0081,Hạnh Mai,23,john81@hotmail.com,0968505423,94.8,2024-11-14
CUST-0082,Anh Quang Lê,49,vujohn@dang.org,0929622292,817.86,2025-09-05
CUST-0083,Ông Huy Đặng,52,shoang@pham.com,0947359774,768.18,2025-10-19
CUST-0084,Phương Bảo Lê,26,janenguyen@dang.com,0981412478,663.15,2024-06-16
CUST-0085,Hà Hải Dương,53,buijohn@yahoo.com,0985361530,173.48,2024-10-27
CUST-0086,Nhật Đặng,51,johnvu@le.info,0979010432,873.71,2025-04-24
CUST-0087,Hà Thế Phạm,-10,nguyenjohn@yahoo.com,0997117980,964.72,2025-06-27
CUST-0088,Chị Thảo Bùi,52,john96@tran.com,0988888067,-144.59,2024-03-27
CUST-0089,Thành Đức Nguyễn,62,dangjohn@hotmail.com,0919520585,209.14,2025-11-15
CUST-0090,,37,johnduong@vu.com,0930548687,405.0,2024-09-06
CUST-0091,Vi Phạm,60,john54@gmail.com,0956676527,653.38,2025-08-13
CUST-0092,Bác Minh Vũ,46,btran@mai.com,0915447962,-120.26,2025-08-11
CUST-0093,Bác Bảo Nguyễn,46,ovu@gmail.com,0916582029,129.79,2025-08-02
CUST-0094,,32,jane69@hoang.info,0955719285,73.39,2024-12-28
CUST-0095,Anh Hải Trần,19,janemai@mai.com,0947394731,592.43,2024-06-07
CUST-0096,Nhật Lê,32,dangjane@hotmail.com,0918844225,592.56,2025-03-24
CUST-0097,Cô Mai Lê,18,xnguyen@duong.org,0911467866,80.28,2025-11-23
CUST-0098,Bảo Đặng,58,rduong@le.org,0922680182,68.29,2024-10-16
CUST-0099,Chị Thành Phạm,22,,0984249818,906.37,2025-07-04
CUST-0100,Chị Bảo Hoàng,39,nguyenjohn@gmail.com,0994396907,80.15,2026-01-13
CUST-0101,,33,,0967735925,285.69,2025-12-23
CUST-0102,Quang Hữu Lê,49,dangjohn@yahoo.com,0914732104,222.09,2024-12-17
CUST-0103,Lâm Xuân Đặng,26,johnduong@hotmail.com,0977470168,726.12,2025-02-12
CUST-0104,,54,vujane@vu.com,0916245650,580.45,2024-12-30
CUST-0105,Duyên Mai,33,jane16@mai.org,0991216558,786.77,2026-02-21
CUST-0106,Hoàng Hoàng Hoàng,44,nguyenjohn@gmail.com,0957872982,198.51,2024-11-03
CUST-0107,Phúc Hữu Hoàng,24,jane94@yahoo.com,0905516940ABC,662.39,2025-05-31
CUST-0108,,40,hoangjane@mai.biz,0923091307,429.34,2024-10-23
CUST-0109,Bảo Bảo Phạm,47,tnguyen@gmail.com,0983857865,865.2,2024-07-06
CUST-0110,Bác Tùng Đặng,21,ppham@yahoo.com,0984344375,676.63,2025-03-01
CUST-0111,Tùng Đức Vũ,59,wbui@vu.com,0957473384,107.43,2026-02-16
CUST-0112,Hoàng Trần,43,johnmai@pham.biz,0957120826,730.93,2025-07-14
CUST-0113,Quý ông Trung Vũ,24,john19@gmail.com,0980262067,256.17,2024-07-16
CUST-0114,Hưng Nguyễn,30,dangjane@yahoo.com,0988728743,540.92,2025-11-12
CUST-0115,Thành Lê,26,john05@yahoo.com,0993296685,427.66,2024-04-30
CUST-0116,Hải Đức Lê,35,pdang@vu.com,0974549904,468.0,2025-07-14
CUST-0117,Quang Thị Trần,22,john68@hotmail.com,0941459332,448.7,2025-02-28
CUST-0118,Quý cô Nhật Hoàng,53,emai@hotmail.com,0933918785,106.93,2024-04-23
CUST-0119,,59,johndang@tran.com,0997187072,999.29,2025-03-27
CUST-0120,Nhật Thị Mai,18,john64@gmail.com,0939106518,969.31,2024-04-09
CUST-0121,Nhật Nguyễn,33,xle@gmail.com,0965676618,174.65,2024-06-05
CUST-0122,Tú Xuân Mai,49,johnnguyen@gmail.com,0947868633,486.54,2025-02-14
CUST-0123,Hoàng Đức Phạm,43,buijohn@pham.org,0907903067,903.42,2024-08-23
CUST-0124,Cô Lan Mai,28,janehoang@hotmail.com,0953428364,385.18,2024-09-23
CUST-0125,Vân Hoàng,42,fmai@dang.biz,0985662462,272.55,2025-09-30
CUST-0126,Anh Quang Vũ,47,jnguyen@bui.net,0926343517,292.4,2025-12-11
CUST-0127,Vũ Hoàng Nguyễn,62,mhoang@gmail.com,0913983735,957.74,2024-10-15
CUST-0128,Mai Phạm,-5,spham@bui.com,0946785445,665.25,2025-03-27
CUST-0129,Quý ông Tú Dương,49,janedang@yahoo.com,0909320489,163.25,2025-05-17
CUST-0130,Hạnh Trí Phạm,36,janehoang@gmail.com,0978547772,225.52,2025-09-14
CUST-0131,Phúc Trí Mai,21,johnmai@gmail.com,0910062312,583.39,2024-03-01
CUST-0132,Quý cô Linh Nguyễn,52,anguyen@hotmail.com,0986008484,70.35,2024-03-07
CUST-0133,,38,johnhoang@dang.biz,0915679334,66.59,2025-08-07
CUST-0134,Hải Nguyễn,55,ybui@nguyen.com,0921765918,482.02,2026-02-05
CUST-0135,Mai Phạm,51,john14@hotmail.com,0990250392,165.86,2025-09-29
CUST-0136,Hà Thế Lê,50,vmai@le.com,0985016315,89.31,2025-06-07
CUST-0137,Thành Văn Vũ,29,,0966296194,77.84,2025-11-03
CUST-0138,Cô Hương Vũ,22,vle@dang.com,0910475412,678.46,2024-04-30
CUST-0139,Quý cô Nhật Mai,33,nguyenjohn@yahoo.com,0981995604,409.74,2025-01-09
CUST-0140,Hà Hải Hoàng,54,ile@vu.com,0912646471,253.75,2024-11-29
CUST-0141,Quang Dương,56,itran@nguyen.org,0965756924,49.34,2024-10-29
CUST-0142,,23,jane79@gmail.com,0956465193,425.03,2025-05-27
CUST-0143,Cô Nhật Dương,55,,0924342661,569.57,2025-02-05
CUST-0144,Quý ông Tùng Mai,38,dangjohngmail.com,0935290965,935.36,2025-11-02
CUST-0145,Hà Văn Trần,31,johnduong@yahoo.com,0967982507,673.03,2024-05-14
CUST-0146,Huy Trần,38,,0957177514,246.3,2024-03-28
CUST-0147,An Đặng,43,johnmai@mai.net,0967362266,-267.45,2024-03-16
CUST-0148,Quý cô Duyên Bùi,59,phamjohn@yahoo.com,0919182553,307.0,2025-02-12
CUST-0149,Hạnh Dương,38,zhoang@hotmail.com,0915579249,929.73,2025-05-26
CUST-0150,Hải Lê,22,phamjane@gmail.com,0925286692ABC,19.22,2025-05-14
CUST-0151,Kim Xuân Dương,57,janevu@le.info,0990507236,998.47,2025-05-04
CUST-0152,Quý ông Châu Bùi,24,fle@hotmail.com,0903404384,-420.37,2024-07-02
CUST-0153,Quý ông Tùng Mai,31,vujane@duong.com,0961340745,-162.86,2025-12-23
CUST-0154,Nhật Trần,26,janehoang@le.com,0933095849,933.93,2025-04-16
CUST-0155,Bà Nhật Vũ,22,john26@gmail.com,0942232536,880.48,2025-03-09
CUST-0156,Bà Hải Bùi,41,otran@gmail.com,0968457759,292.14,2024-02-24
CUST-0157,Nhật Dương,46,maijane@gmail.com,0963745458,835.41,2025-05-16
CUST-0158,Quý cô Thành Nguyễn,63,,0906324241,309.49,2025-07-15
CUST-0159,Anh Quang Đặng,59,buijane@bui.com,0903712938,533.65,2025-08-04
CUST-0160,Ông Nam Đặng,60,ele@pham.com,0911554262,818.93,2025-07-05
CUST-0161,Cô Phương Hoàng,37,janedang@le.info,0931121965,932.44,2025-01-21
CUST-0162,Hoàng Hải Vũ,24,janenguyen@pham.net,0936403761,939.54,2024-08-28
CUST-0163,Ông Minh Nguyễn,26,john69@yahoo.com,0958271091,271.82,2024-03-04
CUST-0164,Trung Nguyễn,24,,0918892414,744.99,2024-04-24
CUST-0165,Chị Vân Đặng,27,vujane@hotmail.com,0930316179,279.62,2025-06-09
CUST-0166,Thảo Lê,56,lejohn@duong.net,0942524105,218.52,2025-11-10
CUST-0167,Hạnh Quang Vũ,39,gduong@nguyen.org,0925241913,211.56,2025-09-20
CUST-0168,Ngọc Nguyễn,58,duongjane@le.com,0986353654,854.38,2025-11-25
CUST-0169,Khoa Đặng,50,lejohn@bui.info,0944518705,493.65,2024-07-27
CUST-0170,Nhiên Vũ,21,ldang@pham.net,0932060385,-94.14,2025-06-30
CUST-0171,Linh Nguyễn,45,john38@gmail.com,0967024103,831.05,2026-01-19
CUST-0172,Nhật Phú Dương,20,maijohn@tran.org,0906234456,13.51,2025-08-20
CUST-0173,Dũng Mai Vũ,26,phamjohn@le.com,0977561853,640.74,2025-02-08
CUST-0174,Bảo Vũ,34,lejane@pham.com,0921356804,169.97,2024-09-12
CUST-0175,Cô Kim Dương,46,duongjohn@tran.com,0923651994,556.16,2026-02-04
CUST-0176,An Trần,45,fle@tran.com,0929667066,565.3,2024-07-06
CUST-0177,Trung Xuân Vũ,25,cle@hotmail.com,0999347687,84.49,2024-04-10
CUST-0178,Hạnh Bùi,62,ppham@mai.com,0978759856,904.89,2024-09-20
CUST-0179,Cô Thành Hoàng,52,,0932133480,45.67,2025-10-08
CUST-0180,Quý cô Linh Lê,150,janedang@dang.org,0929378427,586.68,2024-03-23
CUST-0181,An Phạm,27,maijane@dang.com,0925250029,435.49,2025-08-23
CUST-0182,Cô Phương Đặng,20,,0967528953,315.18,2025-07-23
CUST-0183,Quý cô Hạnh Vũ,20,johnhoang@hoang.com,0995939172,899.94,2024-11-06
CUST-0184,Lâm Đặng,31,johndang@yahoo.com,0904331541,685.25,2025-09-04
CUST-0185,Ngọc Bùi,60,,0965861793,111.77,2024-06-28
CUST-0186,Ông Hưng Vũ,53,jane11@le.com,0981599706,885.29,2025-07-14
CUST-0187,Quý cô Bảo Nguyễn,44,john36@vu.com,0906987205,974.1,2024-02-25
CUST-0188,Hà Thế Hoàng,65,johnnguyen@gmail.com,0924171467,163.01,2025-03-08
CUST-0189,Vũ Mai,33,janebui@yahoo.com,0927047743,865.96,2025-12-04
CUST-0190,Nhiên Nguyễn,29,tranjane@hoang.net,0906868793,882.6,2025-02-26
CUST-0191,Vũ Bùi,19,johnduong@le.com,0920616329,187.57,2024-09-10
CUST-0192,Vũ Quang Bùi,39,,0999861622,784.56,2025-05-08
CUST-0193,Hà Hoàng,44,jane64@duong.org,0970246299,804.21,2025-08-04
CUST-0194,An Hữu Đặng,65,duongjane@nguyen.com,0944713247,812.64,2025-10-16
CUST-0195,Anh Bảo Hoàng,35,janepham@duong.net,0950821486,167.61,2024-06-07
CUST-0196,Lan Phạm,62,phamjohn@nguyen.com,0945786103,117.01,2024-12-08
CUST-0197,Quý ông Phúc Dương,20,,0906029333,860.01,2025-08-02
CUST-0198,Bà Dương Bùi,32,duongjohn@hoang.com,0994466574,207.58,2024-08-10
CUST-0199,Bác Minh Hoàng,200,,0999441715,356.16,2024-09-24
CUST-0200,Anh Đức Vũ,32,johnnguyen@dang.com,0907446660,230.69,2025-05-20
CUST-0201,Bà Yến Phạm,60,jane28@gmail.com,0941724825,201.2,2025-07-15
CUST-0202,Lâm Đặng,39,jane55@hoang.com,0970999173,285.82,2025-03-17
CUST-0203,Hải Bùi,22,jnguyen@gmail.com,0935697252ABC,967.22,2025-10-20
CUST-0204,Nhật Đặng,35,john07@pham.com,0971296666,357.63,2025-02-27
CUST-0205,An Thị Mai,50,,0935421689,405.68,2024-10-17
CUST-0206,Cô An Vũ,52,mmai@hotmail.com,0956257532,337.84,2026-01-27
CUST-0207,An Hải Phạm,19,johnhoang@tran.com,0964890901ABC,124.19,2025-07-14
CUST-0208,Ngọc Trần,34,hbui@hotmail.com,0947230461,186.78,2025-07-21
CUST-0209,Trọng Hoàng,34,gtran@vu.com,0973934835,47.87,2025-08-22
CUST-0210,Hạnh Xuân Nguyễn,56,janedang@gmail.com,0900119721,440.22,2025-10-20
CUST-0211,Nhật Trần,64,janevu@yahoo.com,0970120455,788.56,2025-01-18
CUST-0212,Hà Nguyễn,45,johndang@duong.com,0955216674,610.15,2025-12-03
CUST-0213,Nhật Mai Bảo Bùi,50,,0997296590,124.49,2025-12-23
CUST-0214,Quý cô Nhật Trần,54,enguyen@yahoo.com,0950899358,198.18,2025-04-04
CUST-0215,Kim Phạm,20,jane28@hotmail.com,0900287721,711.7,2025-09-28
CUST-0216,Bác Quang Đặng,18,maijohn@hotmail.com,0966317797,524.72,2024-05-01
CUST-0217,Quý ông Dũng Trần,52,tranjane@yahoo.com,0908801994,689.99,2026-01-14
CUST-0218,Quý cô Linh Đặng,65,janedang@dang.info,0911305548,739.67,2025-04-03
CUST-0219,Tú Thị Lê,30,janetran@yahoo.com,0993316373,370.58,2025-09-01
CUST-0220,Tú Bảo Nguyễn,22,qduong@duong.com,0986978292,949.39,2025-09-12
CUST-0221,Cô Kim Hoàng,39,mbui@hotmail.com,0934654722,626.92,2025-01-08
CUST-0222,Tùng Đặng,60,johnhoang@dang.com,0988515879,849.54,2025-05-11
CUST-0223,Hải Thế Bùi,64,,0924420438,901.05,2024-03-19
CUST-0224,Bảo Đức Hoàng,50,gpham@nguyen.biz,0958004397,-213.99,2025-11-28
CUST-0225,Bà Vi Hoàng,44,janeduong@tran.net,0916064842,332.92,2024-06-26
CUST-0226,Nam Đặng,62,johnleyahoo.com,0990947985,302.7,2024-04-19
CUST-0227,Minh Hải Lê,26,janemai@tran.com,0935554398,199.92,2025-02-25
CUST-0228,Hương Đặng,60,johnnguyen@hotmail.com,0956164840,940.96,2026-01-30
CUST-0229,Minh Mai Dương,61,john58@tran.net,0980133613,750.65,2025-04-15
CUST-0230,Hải Quang Lê,29,,0948193466,619.36,2025-02-07
CUST-0231,Kim Tấn Nguyễn,37,,0991901581,412.01,2024-10-05
CUST-0232,Trọng Trần,18,,0907283268,310.84,2024-10-09
CUST-0233,Bà Hải Đặng,31,johnnguyen@hoang.biz,0988143536,435.59,2026-01-26
CUST-0234,Chị Bảo Phạm,55,johnle@hotmail.com,0990878141,610.59,2024-09-04
CUST-0235,Lâm Hoàng,38,jane23@gmail.com,0949135775,470.34,2025-06-15
CUST-0236,Nhiên Lê,46,,0933645257,-427.59,2025-02-16
CUST-0237,Bác Khoa Dương,50,johnvu@mai.com,0910809969,478.45,2024-08-06
CUST-0238,Vân Vũ,65,janebui@gmail.com,0994278816,177.99,2024-12-01
CUST-0239,Dương Phạm,23,janele@hoang.com,0975037314,290.95,2024-12-05
CUST-0240,Cô Dương Phạm,60,dduonggmail.com,0905184498,636.61,2025-05-10
CUST-0241,Quý cô Hải Bùi,39,maijane@yahoo.com,0938655779,102.45,2024-02-28
CUST-0242,,33,john22@dang.com,0936517773,676.07,2025-05-26
CUST-0243,Quý cô An Phạm,32,johnle@hoang.com,0924286990,808.5,2026-01-05
CUST-0244,Vũ Phạm,27,kduong@gmail.com,0969292984,34.18,2024-07-02
CUST-0245,Bảo Quang Phạm,33,gle@gmail.com,0938862912,984.1,2025-02-26
CUST-0246,Xuân Mai,-10,duongjohn@bui.biz,0950863765,851.24,2025-05-25
CUST-0247,Kim Lê,22,fpham@yahoo.com,0998643009,-335.18,2025-04-03
CUST-0248,Phương Nguyễn,58,janebui@yahoo.com,0912694486,579.91,2025-05-06
CUST-0249,Trọng Đức Bùi,63,ymai@le.net,0987449562,699.39,2025-12-18
CUST-0250,Nhật Phạm,49,johnpham@hotmail.com,0965890260,405.66,2025-11-08
CUST-0251,Bảo Dương,27,,0951906698,659.5,2024-10-02
CUST-0252,Vi Lê,18,mnguyen@hotmail.com,0984309883,893.73,2025-06-14
CUST-0253,Cô Thành Phạm,24,johnvu@dang.biz,0969380118,780.64,2024-09-30
CUST-0254,Quang Đức Phạm,32,kbui@vu.biz,0981818451,184.13,2025-11-07
CUST-0255,Tùng Hoàng,62,kbui@yahoo.com,0935779071,522.78,2024-09-10
CUST-0256,Kim Phạm,21,jane58vu.com,0916518275,561.83,2024-11-23
CUST-0257,Bà Lan Phạm,25,johnpham@yahoo.com,0933339521ABC,461.9,2024-05-26
CUST-0258,Hải Dương,47,duongjaneduong.com,0972846392,670.9,2024-04-05
CUST-0259,Nhật Thị Mai,53,dle@gmail.com,0987500369,599.5,2024-05-11
CUST-0260,Quang Đức Lê,46,janeduong@hotmail.com,0955276365ABC,616.53,2024-12-02
CUST-0261,Hạnh Mai Lê,64,johnvu@mai.biz,0932270267,893.1,2024-06-06
CUST-0262,,45,stran@nguyen.com,0971754558,832.26,2025-05-01
CUST-0263,Quang Nguyễn,53,dangjohn@hotmail.com,0998245587ABC,451.45,2025-10-16
CUST-0264,Ông Thành Hoàng,28,kle@hotmail.com,0956996112,746.22,2024-11-15
CUST-0265,Bà Linh Vũ,48,cvu@yahoo.com,0998762202,455.57,2025-09-10
CUST-0266,Bà Yến Trần,150,janetran@tran.net,0900681149,841.46,2024-06-22
CUST-0267,Hải Bùi,35,johnvu@yahoo.com,0922820055,768.16,2025-12-25
CUST-0268,Quý ông Tùng Vũ,51,johnhoang@hotmail.com,0979688457,489.75,2025-04-17
CUST-0269,Cô Chi Vũ,33,jvu@yahoo.com,0900825478,281.85,2024-02-29
CUST-0270,Quý ông Khoa Nguyễn,22,john08@yahoo.com,0936866326,716.41,2025-11-27
CUST-0271,Lâm Đức Trần,33,janevu@hotmail.com,0984631224,279.0,2024-05-18
CUST-0272,Quý ông Anh Hoàng,38,,0908021442,894.1,2025-08-31
CUST-0273,Ông Quang Trần,23,duongjohn@bui.info,0957051204ABC,-446.15,2025-10-17
CUST-0274,,32,jane01@bui.com,0937183764,389.2,2026-02-19
CUST-0275,Phúc Thị Mai,27,jane43@nguyen.com,0965024916,709.35,2025-10-27
CUST-0276,Cô Ngọc Hoàng,22,janetran@gmail.com,0927195005,420.72,2025-07-07
CUST-0277,Cô Bảo Dương,39,jane73@bui.com,0940778487,547.19,2024-07-19
CUST-0278,Bà Thành Dương,44,johnmai@gmail.com,0974485708,71.64,2024-12-13
CUST-0279,Cô Khoa Đặng,44,,0929456511,395.58,2025-04-04
CUST-0280,An Lê,55,,0996789940,946.6,2024-12-03
CUST-0281,Cô Ngọc Phạm,19,duongjohn@yahoo.com,0986509480,858.16,2025-09-15
CUST-0282,Hạnh Trần,54,tranjohn@pham.net,0939288619,386.58,2024-11-27
CUST-0283,Quý ông Tú Lê,18,vmai@mai.com,0958556659,943.31,2024-08-27
CUST-0284,Quý cô Vi Mai,37,jane76@gmail.com,0904908240,755.94,2024-10-13
CUST-0285,Chị Ánh Đặng,44,john10@dang.com,0945933441,542.84,2025-05-11
CUST-0286,Khoa Hoàng Trần,65,,0991940961,550.67,2025-10-20
CUST-0287,Xuân Đặng,56,hbui@gmail.com,0990604805,898.83,2025-04-17
CUST-0288,Bà Phương Phạm,49,,0962251790,227.23,2025-04-23
CUST-0289,Hạnh Quang Bùi,45,johnduong@hotmail.com,0937693898,490.79,2024-09-01
CUST-0290,Cô Thảo Bùi,42,tranjane@yahoo.com,0955355904,342.77,2024-07-03
CUST-0291,Trọng Mai Hoàng,61,onguyen@dang.com,0910392405,800.16,2025-08-14
CUST-0292,Hạnh Dương,64,dangjohn@hotmail.com,0983388487ABC,173.39,2025-06-20
CUST-0293,Cô Kim Hoàng,47,john04@hoang.info,0901645104,920.35,2025-12-27
CUST-0294,Lâm Hữu Mai,57,jane98le.net,0978003845,538.78,2025-03-09
CUST-0295,Nhật Xuân Nguyễn,43,,0940460843,595.97,2024-06-19
CUST-0296,Thành Trí Trần,60,janepham@hotmail.com,0926495782,36.83,2024-08-01
CUST-0297,Chị Bảo Vũ,59,ple@dang.net,0912520566,434.33,2024-10-15
CUST-0298,Bác Hoàng Phạm,47,johnnguyen@hoang.com,0993305172,189.91,2025-03-19
CUST-0299,Bác Phúc Bùi,34,kle@gmail.com,0930604633,385.31,2025-10-03
CUST-0300,Cô Lan Dương,31,jane36@yahoo.com,0909656999,-100.28,2025-04-14
CUST-0301,Vân Trần,39,pnguyen@hotmail.com,0986086803,763.62,2024-10-06
CUST-0302,Quý ông Khoa Vũ,42,janevu@hotmail.com,0908277181,285.47,2024-07-11
CUST-0303,Quý cô Kim Đặng,44,lejane@hotmail.com,0937145211,259.75,2024-05-21
CUST-0304,Bác Vũ Mai,23,janemai@yahoo.com,0902592222,475.6,2025-10-12
CUST-0305,Hồng Vũ,65,ovu@gmail.com,0912309407,544.02,2025-03-15
CUST-0306,Ông Trọng Dương,40,janeduong@duong.org,0990384983,231.98,2024-03-31
CUST-0307,Chị An Đặng,22,johnhoang@dang.com,0962249998,783.42,2024-07-09
CUST-0308,Bác Hưng Trần,59,jane61@yahoo.com,0981472145ABC,49.86,2025-04-07
CUST-0309,Phương Hoàng Phạm,19,hoangjohnhoang.com,0969548995,950.12,2026-02-12
CUST-0310,Quý cô Phương Dương,30,johnvu@gmail.com,0901071396,840.84,2025-01-09
CUST-0311,Linh Đặng,57,phamjane@tran.net,0985015569,160.86,2025-06-15
CUST-0312,Ánh Lê,26,jane77@le.com,0978576084,478.83,2025-05-06
CUST-0313,Tùng Văn Phạm,25,john24gmail.com,0956829962,568.33,2025-05-30
CUST-0314,Hạnh Đặng,31,jane17@dang.com,0938421503,470.38,2026-02-01
CUST-0315,Nhật Mai,34,jmaidang.net,0945218230,769.23,2025-02-13
CUST-0316,Nhật Đức Nguyễn,28,hoangjohn@yahoo.com,0970184094,609.83,2025-07-03
CUST-0317,Bà Mai Phạm,65,jane71@yahoo.com,0922410988,721.17,2024-05-12
CUST-0318,,28,janehoang@gmail.com,0921495870,965.07,2024-06-03
CUST-0319,Chi Nguyễn,24,fnguyen@bui.org,0997954538,582.9,2024-04-24
CUST-0320,Anh Vũ Dương,37,rvu@duong.com,0929456255,580.04,2025-02-09
CUST-0321,Ông Vũ Dương,42,jane72@dang.com,0981615814,402.69,2025-04-11
CUST-0322,Quý ông Nhiên Bùi,63,,0996695832,206.35,2025-07-21
CUST-0323,Nhật Hoàng,55,hoangjane@yahoo.com,0981724619,693.71,2024-05-17
CUST-0324,Thành Mai Bảo Nguyễn,58,johnhoang@le.com,0978469973,250.42,2024-07-31
CUST-0325,Khoa Thế Bùi,62,hoangjohn@hotmail.com,0986240580,774.76,2024-02-23
CUST-0326,Tú Thế Nguyễn,61,zhoang@bui.biz,0983272386,604.41,2025-12-09
CUST-0327,Huy Trí Vũ,25,johntran@le.info,0962126796,798.26,2025-06-21
CUST-0328,Quý cô Phương Bùi,54,odang@gmail.com,0969097384,-416.45,2025-01-07
CUST-0329,Hưng Thị Hoàng,40,john97@hotmail.com,0912847818,537.42,2026-01-14
CUST-0330,Lâm Dương,60,,0979565442,376.87,2024-03-21
CUST-0331,Nhiên Vũ,50,khoang@vu.org,0904712814,651.07,2024-09-05
CUST-0332,Bà Hạnh Vũ,18,hoangjohn@duong.com,0943728051,851.08,2024-06-14
CUST-0333,Quý cô Kim Bùi,49,nle@nguyen.com,0902767478,114.48,2024-08-22
CUST-0334,Hải Hữu Dương,41,janenguyen@yahoo.com,0976580185,639.23,2025-12-09
CUST-0335,Khoa Đức Đặng,47,john49@yahoo.com,0973938525,710.24,2025-04-23
CUST-0336,Dương Nguyễn,45,buijohnduong.com,0944300910,184.38,2026-02-20
CUST-0337,Cô Yến Trần,51,janehoang@tran.com,0971746542,965.82,2025-10-21
CUST-0338,Hạnh Nguyễn,35,,0942717396,619.75,2024-07-10
CUST-0339,Ông Hoàng Mai,52,johnduong@hotmail.com,0941011947,776.9,2024-03-08
CUST-0340,Anh Nam Nguyễn,47,john56@hotmail.com,0908776618ABC,441.22,2024-08-16
CUST-0341,Hồng Dương,64,jane46@tran.net,0951743280,596.55,2024-12-17
CUST-0342,Bà Yến Bùi,38,jane17@le.com,0993761847,853.2,2025-04-12
CUST-0343,Ông Hưng Đặng,23,john61@mai.net,0929310270,286.14,2025-02-23
CUST-0344,Mai Lê,46,johnvu@duong.com,0991117993,251.42,2024-04-12
CUST-0345,,47,hoangjohn@yahoo.com,0930925114,574.15,2024-06-11
CUST-0346,Bảo Phú Mai,60,lpham@le.org,0962071002,385.2,2026-02-11
CUST-0347,Nhật Hoàng,19,sduonggmail.com,0932487632,499.36,2025-06-11
CUST-0348,Duyên Lê,38,vujane@yahoo.com,0908331819,190.02,2024-11-30
CUST-0349,Quý cô Vi Phạm,31,phamjohn@gmail.com,0977220054,361.28,2024-08-03
CUST-0350,Hạnh Tấn Hoàng,34,tranjohn@hotmail.com,0922078113,346.94,2025-09-05
CUST-0351,Bác Huy Phạm,56,johndang@gmail.com,0913636317,704.17,2025-05-22
CUST-0352,Ông Huy Lê,35,yle@le.com,0954352090,560.23,2024-09-27
CUST-0353,Cô Nhật Dương,51,janepham@yahoo.com,0992929831,948.58,2025-01-07
CUST-0354,Anh Nhiên Dương,23,john63@gmail.com,0956939290,248.94,2025-01-12
CUST-0355,Ngọc Dương,44,zmai@tran.info,0931806325,493.69,2024-10-09
CUST-0356,Cô Ngọc Dương,33,janehoang@hotmail.com,0990772625,693.7,2025-06-23
CUST-0357,Ông Vũ Bùi,59,vujane@yahoo.com,0998931950,714.72,2025-03-28
CUST-0358,Hưng Đức Bùi,46,choang@yahoo.com,0952818325,-214.07,2024-08-26
CUST-0359,Hải Dương,23,janedang@mai.com,0915577881,301.29,2025-02-22
CUST-0360,Bảo Hoàng,43,phamjane@gmail.com,0916241124,694.87,2024-05-20
CUST-0361,Quý cô Bảo Phạm,37,jane82@dang.info,0904310385,667.32,2025-01-07
CUST-0362,Dũng Mai Bảo Hoàng,41,kvu@gmail.com,0942437540,478.53,2024-06-17
CUST-0363,Khoa Mai Lê,51,john22@pham.com,0992745238,350.32,2025-08-25
CUST-0364,Dương Đặng,65,janeduong@hotmail.com,0928410672,554.88,2025-02-12
CUST-0365,Hoàng Văn Mai,40,jane49@hotmail.com,0929751702,705.83,2025-08-02
CUST-0366,Hạnh Nguyễn,35,janedang@gmail.com,0950939834ABC,313.56,2024-07-24
CUST-0367,Hương Mai,32,maijane@gmail.com,0975998056,129.45,2024-06-16
CUST-0368,,30,jane54@mai.com,0976742662,322.39,2025-12-02
CUST-0369,Bảo Phạm,65,vmai@gmail.com,0996106462,540.51,2025-04-29
CUST-0370,Anh Trung Lê,62,,0947873002,193.3,2024-09-14
CUST-0371,Châu Trần,31,fle@hotmail.com,0930147195,741.22,2025-05-19
CUST-0372,Quý ông Anh Dương,35,john42@le.info,0925204565,727.34,2024-03-31
CUST-0373,Khoa Mai,51,johntran@mai.com,0944518952,600.82,2024-03-04
CUST-0374,,24,john13@gmail.com,0983389888,834.3,2025-08-21
CUST-0375,Kim Dương,36,lejohn@dang.com,0927985240,235.21,2025-09-23
CUST-0376,Lâm Lê,29,,0910760310,309.24,2025-10-30
CUST-0377,Chi Trần,63,tranjane@hotmail.com,0901193932,538.79,2025-07-27
CUST-0378,Nam Quang Lê,35,jane28@hotmail.com,0993891190,55.06,2025-04-08
CUST-0379,Chị Thảo Lê,21,phamjane@hoang.com,0925663836,557.83,2024-05-20
CUST-0380,Tú Mai Trần,62,tdang@mai.com,0971647947,944.65,2024-08-16
CUST-0381,Hạnh Bảo Phạm,58,ldang@duong.com,0967811266,869.78,2025-08-15
CUST-0382,Nhật Lê,49,john53@tran.biz,0974994657,111.56,2025-07-24
CUST-0383,Nhật Đức Lê,18,tranjane@yahoo.com,0973201017,578.32,2025-08-02
CUST-0384,Lan Bùi,48,janehoang@hotmail.com,0911877347,-137.73,2025-03-09
CUST-0385,Tùng Đặng,39,buijohn@duong.biz,0977002842,192.52,2025-03-10
CUST-0386,Bảo Thế Bùi,21,hoangjane@hotmail.com,0988977828,259.95,2024-04-06
CUST-0387,Hạnh Mai Bảo Hoàng,48,jane50gmail.com,0990255905,122.95,2024-12-14
CUST-0388,Kim Đặng,22,ddang@hotmail.com,0933349114,406.7,2024-05-21
CUST-0389,Phúc Văn Mai,22,duongjane@hotmail.com,0986407905,581.25,2024-12-12
CUST-0390,Thành Đức Dương,61,janeduong@le.com,0963718344,63.07,2024-03-30
CUST-0391,Nhiên Bùi,27,hoangjohn@vu.net,0976351484,813.03,2025-01-24
CUST-0392,Trung Bảo Bùi,37,lmai@gmail.com,0982973748,94.33,2025-11-12
CUST-0393,Khoa Thị Mai,33,jane23@vu.com,0913644249,127.27,2024-08-24
CUST-0394,Lâm Đức Lê,44,phamjane@duong.biz,0960324204,610.25,2025-10-28
CUST-0395,Tùng Lê,57,dnguyendang.com,0916516231,233.43,2025-05-11
CUST-0396,Phương Hoàng,51,ptran@hotmail.com,0915596363,386.57,2024-06-14
CUST-0397,Bảo Phạm,46,qbui@hotmail.com,0907851586,304.38,2025-02-25
CUST-0398,Bà Xuân Lê,55,tdang@gmail.com,0990034864,990.13,2025-07-03
CUST-0399,Tú Hải Dương,37,buijane@yahoo.com,0913432756ABC,572.94,2025-10-28
CUST-0400,Thảo Trần,21,vbui@hotmail.com,0961248156,613.53,2025-06-04
CUST-0401,Bảo Văn Nguyễn,65,ale@pham.com,0959112382,108.24,2025-12-11
CUST-0402,Thành Mai Dương,31,john95@pham.com,0926693008,629.26,2025-07-09
CUST-0403,Cô Chi Phạm,34,johnbui@hotmail.com,0969421529,663.82,2024-05-24
CUST-0404,,28,hduong@gmail.com,0933447626,247.47,2025-12-19
CUST-0405,Chị Ánh Vũ,53,ale@nguyen.com,0997359710,84.31,2025-02-21
CUST-0406,Bà Nhật Bùi,18,vbui@tran.com,0905375990,414.43,2024-02-27
CUST-0407,Minh Hoàng,62,jane52@hotmail.com,0909242875,597.87,2026-01-04
CUST-0408,Anh Vũ Đặng,36,janetran@yahoo.com,0902745644,42.31,2025-06-13
CUST-0409,Minh Đặng,36,,0987032032,709.89,2024-03-21
CUST-0410,Bác Phúc Dương,62,duongjohn@yahoo.com,0958777121,861.01,2024-11-20
CUST-0411,Lâm Vũ,22,janehoang@hoang.org,0926137150,690.51,2024-09-30
CUST-0412,Kim Đặng,34,,0990509759,789.95,2024-06-02
CUST-0413,Cô Vi Vũ,58,tranjane@gmail.com,0964236103,593.89,2024-06-28
CUST-0414,Kim Thế Lê,30,jane64@dang.com,0983776749,430.89,2025-06-03
CUST-0415,Hà Bảo Đặng,52,fbui@mai.info,0932788147,232.56,2025-01-27
CUST-0416,Nhật Vũ,150,janepham@vu.com,0981081866,909.33,2024-05-06
CUST-0417,Bác Quang Vũ,27,tranjane@le.com,0964597794,80.7,2024-11-14
CUST-0418,Chị Bảo Trần,28,buijohn@gmail.com,0961027769,794.7,2025-09-08
CUST-0419,Bác Trọng Hoàng,56,fvu@gmail.com,0920310303,751.47,2025-03-02
CUST-0420,Chị Kim Mai,54,vujane@duong.com,0922777079,921.98,2024-08-29
CUST-0421,Bà Duyên Bùi,46,john16@duong.org,0998407678,133.11,2025-05-27
CUST-0422,Anh Hưng Mai,62,uhoang@vu.biz,0971795760,311.05,2024-06-27
CUST-0423,Trung Dương,43,gpham@gmail.com,0995972466,943.25,2025-12-01
CUST-0424,Châu Xuân Hoàng,50,john72@pham.info,0916743380,544.58,2024-03-08
CUST-0425,Anh Phú Lê,46,tranjane@tran.com,0918374550,89.64,2025-10-13
CUST-0426,Hoàng Mai,20,duongjane@tran.org,0991808121,890.53,2025-12-30
CUST-0427,Bà Lan Vũ,65,jtran@hotmail.com,0955213760,329.1,2024-08-31
CUST-0428,Bác Khoa Mai,34,vujane@dang.com,0928632666,-109.59,2026-01-20
CUST-0429,Bác Nam Dương,32,maijohn@dang.biz,0926060290,962.29,2025-06-27
CUST-0430,Huy Bùi,54,jane04@hotmail.com,0992673899ABC,591.25,2025-07-13
CUST-0431,Bác Thành Phạm,19,nguyenjaneyahoo.com,0928843188,999.58,2024-10-22
CUST-0432,Phúc Văn Nguyễn,61,janebui@hotmail.com,0910548510,823.21,2025-10-02
CUST-0433,,54,pdang@dang.org,0926831589,49.83,2024-07-21
CUST-0434,Bảo Đức Lê,29,ftran@gmail.com,0962737158,475.8,2024-12-31
CUST-0435,Hạnh Mai Bảo Bùi,59,kbui@gmail.com,0982772881ABC,447.81,2025-08-15
CUST-0436,Quý cô Chi Nguyễn,35,john96@tran.org,0940821545,189.67,2024-10-15
CUST-0437,Châu Nguyễn,55,janenguyen@vu.info,0901851067,441.53,2025-05-13
CUST-0438,Nhiên Dương,49,uduong@hotmail.com,0922877725ABC,969.36,2024-05-02
CUST-0439,Kim Hải Bùi,48,duongjane@hotmail.com,0912094818,354.48,2024-04-29
CUST-0440,Cô Duyên Mai,39,bmai@mai.com,0943397189,327.85,2024-10-28
CUST-0441,Khoa Thị Dương,24,jane26@mai.biz,0941118242,859.16,2024-07-13
CUST-0442,Vũ Lê,39,dle@hotmail.com,0952004615,417.53,2024-06-12
CUST-0443,Thành Đức Bùi,49,phamjohn@duong.net,0961405786,295.34,2024-04-13
CUST-0444,Ông Huy Phạm,43,,0918325823,815.43,2025-04-15
CUST-0445,Phương Mai Nguyễn,53,shoang@nguyen.com,0994653984,46.33,2024-03-29
CUST-0446,,23,lejane@yahoo.com,0939855474,321.37,2024-09-01
CUST-0447,Dũng Hoàng Dương,38,lejohn@hotmail.com,0970026876,124.76,2025-04-15
CUST-0448,Hải Trần,43,wtran@hoang.biz,0920175370,866.26,2024-08-13
CUST-0449,Vi Vũ,-5,johnhoang@hotmail.com,0943375047,661.08,2026-01-25
CUST-0450,Cô Mai Bùi,52,jane28@hoang.com,0919212493,467.36,2026-01-07
CUST-0451,Trung Nguyễn,21,bnguyen@hotmail.com,0905664187,195.71,2025-03-13
CUST-0452,,41,jane87@nguyen.com,0919036133,626.41,2024-06-29
CUST-0453,,49,zbui@hoang.com,0943173505,629.15,2025-04-01
CUST-0454,Cô Vi Hoàng,21,duongjohn@gmail.com,0900651207,211.52,2024-04-05
CUST-0455,Trọng Bùi,53,nguyenjohn@bui.org,0963990767,139.7,2025-11-01
CUST-0456,Khoa Đức Đặng,-5,vmai@tran.org,0919392845,443.73,2025-01-15
CUST-0457,Quý ông Phúc Phạm,62,nguyenjohn@hoang.com,0949822749,489.86,2024-11-15
CUST-0458,Quang Nguyễn,19,phamjohn@dang.com,0931537795,973.42,2025-12-15
CUST-0459,Trọng Thế Bùi,56,johnduong@gmail.com,0973033793,801.32,2024-08-26
CUST-0460,Bác Thành Phạm,63,johndang@gmail.com,0915081247,166.79,2024-07-22
CUST-0461,Hưng Văn Phạm,53,john34@dang.com,0930241026,23.54,2025-07-15
CUST-0462,Thành Phạm,44,,0928961122,102.28,2025-11-01
CUST-0463,Chị Vân Bùi,25,,0993842530,466.83,2025-06-25
CUST-0464,Hoàng Mai,25,johnduong@hotmail.com,0991286857,651.23,2025-04-01
CUST-0465,Anh Dũng Đặng,27,rduong@hotmail.com,0969033373,-191.78,2024-12-26
CUST-0466,Bà Hồng Bùi,63,jane81@tran.net,0953907895,298.94,2025-01-18
CUST-0467,Quý ông Huy Bùi,63,rdang@yahoo.com,0902734151,280.69,2024-10-08
CUST-0468,Hạnh Phạm,48,tranjane@mai.com,0935444392,980.44,2025-12-18
CUST-0469,Nam Vũ,33,jane69hotmail.com,0907826333,462.22,2025-02-25
CUST-0470,Quý cô Yến Dương,27,dangjohn@yahoo.com,0963778052,389.75,2025-05-16
CUST-0471,Bà Nhật Nguyễn,56,jane36yahoo.com,0968459090,513.16,2026-02-08
CUST-0472,,26,zpham@gmail.com,0986371597,865.39,2025-07-03
CUST-0473,Vũ Lê,35,johnhoang@nguyen.com,0916433481,774.95,2025-02-10
CUST-0474,Linh Mai,44,janebui@le.com,0986716323,346.48,2024-10-20
CUST-0475,Nhật Mai Bảo Lê,50,janevu@gmail.com,0902716938,274.5,2024-11-04
CUST-0476,Quý ông Bảo Hoàng,18,vujane@vu.com,0963296762,290.01,2025-08-18
CUST-0477,Kim Nguyễn,37,janemai@tran.biz,0981511856,839.1,2025-02-07
CUST-0478,Bà Lâm Mai,55,enguyen@bui.biz,0936004125,998.91,2025-07-27
CUST-0479,Quý ông Bảo Trần,49,janele@vu.com,0920912418,866.61,2025-09-20
CUST-0480,Bảo Quang Nguyễn,46,janedanggmail.com,0930837081,543.19,2024-12-22
CUST-0481,Bảo Nguyễn,40,buijohn@dang.com,0906005313,339.12,2026-01-08
CUST-0482,Hải Lê,52,buijohn@dang.com,0993866133,383.44,2024-05-15
CUST-0483,Dũng Xuân Nguyễn,38,john63@yahoo.com,0931495013,870.91,2025-01-07
CUST-0484,Trọng Dương,62,janetran@bui.com,0957150997,246.42,2024-12-15
CUST-0485,Cô Mai Nguyễn,42,john63@nguyen.com,0974326303,241.23,2026-02-09
CUST-0486,Bác Hoàng Vũ,44,maijane@hotmail.com,0940355338ABC,53.21,2024-04-05
CUST-0487,Chị Duyên Bùi,65,janenguyengmail.com,0971302321,478.25,2024-07-06
CUST-0488,Chị Vân Trần,42,kvu@hotmail.com,0933629344,392.22,2025-05-15
CUST-0489,Anh Anh Dương,60,jane62@duong.net,0996270661,794.47,2025-10-04
CUST-0490,Trọng Mai,59,janebui@vu.com,0968971527,981.01,2024-07-24
CUST-0491,Chị An Nguyễn,49,abui@yahoo.com,0956749160,965.18,2026-02-07
CUST-0492,Kim Hoàng,26,janevumai.com,0906633705,507.27,2025-06-27
CUST-0493,Yến Lê,55,qle@gmail.com,0999201166ABC,338.67,2025-08-24
CUST-0494,,24,janevu@hotmail.com,0948869461,875.45,2024-05-17
CUST-0495,Hoàng Đức Phạm,46,john27@gmail.com,0911686462,108.71,2024-07-09
CUST-0496,,47,johnduong@hotmail.com,0932302346,25.19,2025-01-30
CUST-0497,Hải Lê,27,john61@tran.org,0937710040,415.88,2025-07-23
CUST-0498,Hương Phạm,-5,hhoangduong.com,0996555535,970.26,2025-07-23
CUST-0499,Kim Thị Đặng,22,nguyenjane@hotmail.com,0962091843,474.8,2024-12-05
CUST-0500,Quý ông Minh Bùi,34,dangjohnnguyen.info,0939769156,345.18,2026-02-21
CUST-0501,Ông Thành Vũ,62,johnle@tran.net,0972717833,403.51,2024-08-05
CUST-0502,,23,janebui@pham.info,0912871539,853.25,2025-10-10
CUST-0503,Hải Đặng,61,bmai@gmail.com,0934141115,860.75,2025-09-20
CUST-0504,Cô Duyên Đặng,42,jane90@nguyen.com,0966552899,954.6,2024-08-13
CUST-0505,Kim Nguyễn,58,john43@yahoo.com,0972942095,721.53,2024-10-19
CUST-0506,Hạnh Hoàng,49,janevu@hotmail.com,0960523302,873.66,2025-12-19
CUST-0507,,20,bdang@dang.biz,0961844386,621.28,2024-05-08
CUST-0508,Bà Khoa Nguyễn,33,,0977423330,634.85,2024-11-30
CUST-0509,Hải Lê,36,dle@gmail.com,0957201859,997.45,2025-01-24
CUST-0510,Quý cô Lâm Nguyễn,65,janeduong@hoang.biz,0917647501,99.48,2024-05-23
CUST-0511,Hà Dương,24,hoangjane@tran.biz,0976492151,762.77,2025-08-30
CUST-0512,Quý cô Nhật Nguyễn,63,htran@hotmail.com,0981312920,873.85,2025-04-28
CUST-0513,Bác Tú Nguyễn,46,johntran@nguyen.net,0945826034,174.7,2024-03-29
CUST-0514,Tùng Dương,200,hdang@hoang.com,0910303243,904.39,2024-06-06
CUST-0515,Bà Thảo Lê,20,,0962671462,331.13,2025-04-14
CUST-0516,Cô Dương Vũ,21,john62@bui.org,0931418186,300.43,2024-04-14
CUST-0517,Vũ Phú Đặng,41,johnvu@gmail.com,0916361128,-14.6,2025-09-10
CUST-0518,Nhiên Dương,33,,0962588967,535.85,2025-05-28
CUST-0519,Bà An Mai,54,johnbui@nguyen.com,0996727578,684.98,2024-10-02
CUST-0520,Huy Mai,29,john46@tran.com,0912901487,-276.08,2025-11-11
CUST-0521,Hồng Mai,23,gduong@bui.org,0930685389,613.4,2024-03-26
CUST-0522,Anh Minh Phạm,42,dangjohn@nguyen.biz,0925153814ABC,623.51,2024-10-12
CUST-0523,Bác Anh Phạm,33,tpham@duong.info,0905097545ABC,502.69,2024-05-16
CUST-0524,Linh Lê,55,john16@yahoo.com,0931882617,151.69,2024-02-28
CUST-0525,Bà Lâm Dương,47,,0984177225,641.53,2025-09-25
CUST-0526,An Phú Phạm,47,janenguyen@bui.com,0902374167,-196.33,2025-04-25
CUST-0527,Anh Dũng Bùi,18,johntran@gmail.com,0922580305,899.92,2025-01-21
CUST-0528,Hồng Dương,47,jane16@gmail.com,0992823414,902.2,2025-08-20
CUST-0529,Quý cô Mai Dương,61,johnhoang@pham.biz,0904326093,551.13,2024-05-03
CUST-0530,Hồng Bùi,150,johndang@yahoo.com,0970860414,447.31,2024-12-01
CUST-0531,Quang Bùi,40,john20@nguyen.com,0934749162,987.78,2024-09-05
CUST-0532,Bác Dũng Vũ,37,nguyenjohn@dang.org,0989534396,642.55,2024-04-30
CUST-0533,Bảo Hoàng,45,hoangjohn@duong.net,0995473820,693.41,2024-06-01
CUST-0534,Quý cô Vân Vũ,47,jane16@gmail.com,0976880294,846.85,2025-08-17
CUST-0535,Bà An Hoàng,30,janeduong@le.net,0968669432,999.38,2024-02-25
CUST-0536,Chị Khoa Nguyễn,48,jane34@hotmail.com,0948123083,-152.72,2024-10-06
CUST-0537,,42,janenguyen@hotmail.com,0933810595,576.2,2024-11-01
CUST-0538,Nhật Mai,54,janehoang@yahoo.com,0950053424,302.91,2024-03-06
CUST-0539,Nhật Bùi,62,janepham@yahoo.com,0943962736ABC,-166.44,2024-12-05
CUST-0540,Quý cô Hà Dương,60,lle@hoang.com,0940422693,401.85,2024-04-16
CUST-0541,Cô Kim Phạm,18,utran@hotmail.com,0920916601,570.27,2025-11-26
CUST-0542,Vi Nguyễn,61,johnvu@hoang.com,0918513279,780.53,2026-01-16
CUST-0543,Anh Khoa Đặng,21,,0948100184,911.51,2024-05-12
CUST-0544,Bảo Văn Phạm,65,janebui@dang.biz,0917213145,501.76,2024-04-22
CUST-0545,Tú Phú Trần,36,johnbui@hoang.biz,0924945147,777.98,2025-07-20
CUST-0546,Anh Quang Nguyễn,32,,0911964215,610.99,2024-06-01
CUST-0547,Quý cô Thành Đặng,40,sduong@yahoo.com,0995236687,226.81,2025-04-16
CUST-0548,Anh Thành Trần,30,johnpham@yahoo.com,0903058721,624.68,2024-04-09
CUST-0549,Quang Trí Vũ,61,,0930212606,758.02,2024-12-07
CUST-0550,Yến Trần,60,khoang@le.com,0913109622,684.05,2025-02-21
CUST-0551,Bà Nhật Bùi,26,snguyen@gmail.com,0920092820,631.97,2024-12-26
CUST-0552,Hải Mai Mai,58,john62@yahoo.com,0918623690,649.88,2024-08-11
CUST-0553,Bảo Quang Dương,37,,0956341115,790.72,2025-06-05
CUST-0554,Nam Hải Vũ,20,tranjohn@vu.net,0930341990,583.78,2025-05-05
CUST-0555,Ông Hưng Đặng,64,john54@mai.com,0965215681,140.1,2025-03-19
CUST-0556,Cô Khoa Bùi,36,vujohn@gmail.com,0971133228,333.45,2025-03-30
CUST-0557,Bảo Trí Đặng,44,jane06@gmail.com,0939912971,183.88,2025-11-09
CUST-0558,Lan Vũ,26,dtran@le.com,0949551127,788.65,2024-09-10
CUST-0559,Bác Bảo Lê,41,xnguyen@bui.org,0927589551,535.54,2025-08-05
CUST-0560,Phương Mai Vũ,35,phamjohn@tran.com,0996136715,832.17,2025-02-18
CUST-0561,Quý ông Tú Trần,34,buijane@bui.com,0959737147,914.91,2024-03-23
CUST-0562,Quý cô Bảo Phạm,48,hoangjane@gmail.com,0956730306,967.71,2024-09-19
CUST-0563,Phúc Trần,36,vujane@vu.info,0968342016,749.09,2024-11-14
CUST-0564,Phúc Phạm,39,eduong@hotmail.com,0926596089,806.19,2024-07-26
CUST-0565,Nhật Hoàng,47,jane02@le.com,0916480727,963.26,2025-07-03
CUST-0566,An Phạm,27,xmaihoang.com,0933905504,756.61,2026-01-19
CUST-0567,Minh Trần,32,abuiyahoo.com,0958685127,861.54,2025-01-20
CUST-0568,Phúc Xuân Mai,64,qvu@hotmail.com,0964911110,677.66,2025-06-15
CUST-0569,Hà Mai Bảo Hoàng,43,lmai@vu.biz,0933786137,967.6,2024-05-29
CUST-0570,Bảo Bảo Bùi,53,john84@vu.biz,0930600025,372.12,2025-12-07
CUST-0571,Dũng Xuân Hoàng,43,janepham@hotmail.com,0960962626,23.78,2026-01-25
CUST-0572,Minh Xuân Bùi,52,lejohn@vu.net,0925311060,132.35,2025-06-25
CUST-0573,Cô Khoa Mai,41,vnguyen@duong.com,0934383640,676.1,2024-09-23
CUST-0574,Bảo Nguyễn,61,duongjohn@le.com,0921175361,269.54,2025-03-10
CUST-0575,Hồng Trần,42,phamjane@yahoo.com,0957224029,824.19,2025-06-27
CUST-0576,Hương Đặng,41,mhoang@hotmail.com,0902841390,117.26,2025-04-14
CUST-0577,,32,janetran@nguyen.com,0912447315,-432.85,2025-08-25
CUST-0578,Bảo Dương,-5,,0934619942,885.39,2025-10-31
CUST-0579,Quý cô Hồng Dương,53,jane91@hotmail.com,0966395517,334.73,2024-07-01
CUST-0580,Vân Vũ,57,jane60@gmail.com,0925625313,229.15,2025-07-17
CUST-0581,Quang Trí Đặng,22,dangjohn@pham.com,0938164938,639.05,2024-08-09
CUST-0582,Phương Vũ,47,ubui@pham.info,0970461172,910.29,2025-06-04
CUST-0583,Nhiên Hữu Phạm,37,john90@vu.biz,0908805017,652.75,2024-05-06
CUST-0584,Nhật Thế Vũ,25,jane18@yahoo.com,0979064771,148.38,2025-12-08
CUST-0585,Trọng Đức Nguyễn,20,nguyenjohndang.biz,0932135800,311.32,2024-09-11
CUST-0586,Hương Nguyễn,-10,vujane@hotmail.com,0996422971,124.96,2024-05-31
CUST-0587,Hoàng Bảo Dương,33,janeduong@dang.com,0944158331,888.39,2024-04-21
CUST-0588,Ông Trung Nguyễn,26,mbui@tran.com,0998854728,-119.68,2024-05-15
CUST-0589,,41,,0946249127,673.78,2026-01-03
CUST-0590,Nhật Trần,65,duongjohn@nguyen.net,0975418156,699.52,2024-08-05
CUST-0591,Quý cô Phương Bùi,52,duongjane@yahoo.com,0910663436,424.94,2024-07-09
CUST-0592,Minh Hoàng,65,rtran@gmail.com,0931310094,729.33,2024-08-26
CUST-0593,Phương Trần,44,janebui@yahoo.com,0913473235,658.37,2025-07-01
CUST-0594,Trọng Vũ,49,lejane@pham.com,0922572076,619.5,2024-11-08
CUST-0595,Lan Vũ,35,johnhoang@duong.info,0937100943,42.39,2025-04-05
CUST-0596,Chị Hà Trần,41,,0947457054,-116.38,2025-08-27
CUST-0597,Minh Mai Bảo Trần,46,lejane@gmail.com,0925703965,951.05,2024-08-01
CUST-0598,,41,jane82@dang.org,0964430985,108.36,2025-12-01
CUST-0599,Kim Dương,61,,0927284982,373.66,2024-10-15
CUST-0600,,59,nnguyen@hoang.info,0940650042,365.09,2024-11-21
CUST-0601,Minh Mai,43,vujohn@bui.com,0930753666,283.12,2026-01-25
CUST-0602,Hạnh Vũ,25,janedang@hotmail.com,0923426834,949.52,2024-10-16
CUST-0603,Hạnh Hoàng,47,janebui@gmail.com,0928758575,100.76,2025-01-20
CUST-0604,Quý ông Huy Dương,31,buijohn@hoang.com,0998529894,645.29,2024-04-04
CUST-0605,Bảo Hữu Nguyễn,56,fnguyen@gmail.com,0941591497,971.38,2025-08-12
CUST-0606,Hưng Đức Hoàng,150,johnmai@le.com,0944079311,788.93,2024-02-23
CUST-0607,Cô Phương Trần,33,johnduong@mai.biz,0901467238,988.93,2024-09-12
CUST-0608,Ông Huy Lê,54,johnpham@mai.info,0974419754,213.15,2024-12-22
CUST-0609,Nhật Đức Dương,53,ble@yahoo.com,0971960940,215.09,2025-07-08
CUST-0610,Ông Quang Lê,31,avu@gmail.com,0958835868,814.92,2024-04-11
CUST-0611,Chị Thành Hoàng,32,rle@hotmail.com,0946176792,335.27,2025-05-15
CUST-0612,Hoàng Đặng,27,ctran@gmail.com,0923117753,790.76,2025-10-14
CUST-0613,Cô Xuân Lê,56,dtran@hotmail.com,0941017590,12.81,2026-02-09
CUST-0614,,27,johnpham@yahoo.com,0977433268,987.65,2025-11-12
CUST-0615,Cô Duyên Nguyễn,52,,0998152873,258.15,2025-11-30
CUST-0616,Quý cô Vân Đặng,29,johnduong@yahoo.com,0961912841,118.83,2024-05-24
CUST-0617,Anh Hưng Hoàng,19,phamjane@yahoo.com,0965124189,140.49,2024-08-28
CUST-0618,Thành Hoàng,40,hoangjane@nguyen.biz,0943502385,792.08,2026-02-09
CUST-0619,Mai Dương,33,dangjohn@hoang.org,0918724010,592.96,2025-03-14
CUST-0620,Bà Hồng Dương,19,johnnguyen@gmail.com,0938960870,182.5,2024-12-19
CUST-0621,Nhật Trí Bùi,21,,0995535603,135.49,2024-08-21
CUST-0622,Khoa Nguyễn,44,kmainguyen.com,0901027240,530.82,2024-10-23
CUST-0623,Trọng Hải Vũ,65,qduong@tran.com,0983753745,72.92,2025-10-21
CUST-0624,Quang Mai,46,john05@yahoo.com,0997413283,-486.94,2024-10-16
CUST-0625,Cô Linh Lê,50,janeduong@nguyen.com,0944964104,597.73,2025-12-17
CUST-0626,Nhật Văn Bùi,46,onguyen@gmail.com,0962680408,508.8,2025-10-07
CUST-0627,Nam Tấn Vũ,57,dangjane@nguyen.com,0986487699,52.93,2025-10-12
CUST-0628,Phúc Bùi,60,johnnguyen@yahoo.com,0941384596,526.24,2024-03-23
CUST-0629,Quang Vũ,47,tranjane@hotmail.com,0954277070,646.91,2025-02-19
CUST-0630,Linh Dương,19,lnguyen@vu.net,0951724447,70.22,2024-05-31
CUST-0631,Chị Lan Hoàng,48,johnnguyen@mai.com,0908304405,848.83,2025-04-17
CUST-0632,Duyên Phạm,45,tranjane@gmail.com,0981335956,689.24,2024-04-18
CUST-0633,Hạnh Trí Nguyễn,49,jane65@yahoo.com,0949025042,715.28,2026-01-31
CUST-0634,Hương Hoàng,46,jane36@le.com,0913989868,82.76,2025-09-14
CUST-0635,Phương Nguyễn,23,rdang@gmail.com,0994353537,328.89,2024-10-24
CUST-0636,Nhật Phạm,27,fdang@yahoo.com,0988157937,-353.1,2025-10-25
CUST-0637,Lâm Trí Mai,35,qhoang@hoang.com,0955116682,628.07,2025-05-15
CUST-0638,Anh Phúc Dương,55,johnbui@mai.com,0920602128,552.87,2025-12-27
CUST-0639,Kim Phú Lê,38,,0959991015,387.1,2025-02-05
CUST-0640,Hải Mai Bùi,56,,0998120995,535.25,2025-07-30
CUST-0641,Quý ông Dũng Dương,47,john34@dang.org,0988986456,510.5,2024-10-27
CUST-0642,Chị An Phạm,150,jane15@yahoo.com,0921447732,108.19,2024-10-04
CUST-0643,Trọng Trần,62,john13@nguyen.net,0983070534,123.27,2025-05-11
CUST-0644,,59,hvu@duong.info,0941241513,654.41,2025-09-09
CUST-0645,Thành Lê,53,jane81@hotmail.com,0950618538,723.63,2025-07-20
CUST-0646,Dương Nguyễn,31,,0927423183,435.77,2024-02-25
CUST-0647,,32,johnbui@hoang.org,0935782434,419.68,2025-07-25
CUST-0648,Quý ông Thành Hoàng,47,gvu@gmail.com,0914675361,404.74,2024-07-08
CUST-0649,Bác Tú Đặng,64,janeduong@hotmail.com,0963044836,104.13,2024-04-10
CUST-0650,Anh Tấn Bùi,45,,0904735047,319.4,2025-01-06
CUST-0651,Chị Vân Phạm,34,john98@nguyen.biz,0915581083,380.56,2024-11-30
CUST-0652,Chị Ánh Mai,150,janele@yahoo.com,0956383000,689.95,2025-10-01
CUST-0653,Phương Bùi,48,lejane@yahoo.com,0903304166,76.46,2024-06-03
CUST-0654,Vũ Trần,23,anguyen@tran.biz,0939456804,102.3,2024-09-22
CUST-0655,Anh Tú Vũ,24,bvu@gmail.com,0936847488,747.14,2024-08-30
CUST-0656,An Mai Bảo Bùi,41,duongjohn@hotmail.com,0906375791,813.65,2025-07-06
CUST-0657,Dũng Lê,53,maijohn@duong.com,0926978930,69.38,2025-10-11
CUST-0658,Bác Huy Vũ,53,,0999604387,566.07,2025-04-21
CUST-0659,Bác Quang Đặng,60,jmai@hotmail.com,0911616202,131.01,2025-04-01
CUST-0660,Bảo Phạm,40,nguyenjane@yahoo.com,0928728660,874.87,2024-10-10
CUST-0661,Kim Vũ,45,jane92@gmail.com,0948395894,869.41,2025-02-23
CUST-0662,Anh Dũng Lê,64,unguyen@le.info,0910433187,60.93,2024-11-06
CUST-0663,An Hoàng,36,johndang@hotmail.com,0983503446,-425.8,2025-05-21
CUST-0664,Quang Hoàng,40,john19@gmail.com,0913424912,112.56,2025-11-02
CUST-0665,Thành Đức Hoàng,50,johnnguyen@gmail.com,0931922270,220.61,2024-10-31
CUST-0666,An Lê,60,uduong@yahoo.com,0981386667,487.37,2024-11-24
CUST-0667,Minh Đặng,24,johnvu@bui.info,0941865205,356.61,2025-12-18
CUST-0668,Bác Huy Phạm,53,ldang@pham.com,0983094515,373.89,2026-02-03
CUST-0669,Minh Nguyễn,35,vujane@yahoo.com,0904409079ABC,578.36,2025-06-28
CUST-0670,Quý ông Phúc Dương,45,dangjohn@le.biz,0910705184,846.7,2025-12-16
CUST-0671,Cô Linh Đặng,57,john66@tran.net,0924127049,617.44,2024-07-26
CUST-0672,Bảo Văn Vũ,59,john57@hotmail.com,0919711121,561.17,2024-07-16
CUST-0673,Nhiên Văn Lê,56,janeduong@pham.com,0924064242,929.79,2025-05-06
CUST-0674,Huy Hải Phạm,62,johnvu@yahoo.com,0974175955,274.77,2025-10-14
CUST-0675,Anh Hưng Hoàng,29,johnbui@yahoo.com,0943588418,280.54,2025-10-15
CUST-0676,Bà Mai Dương,37,tranjohn@yahoo.com,0927955969,922.32,2026-01-23
CUST-0677,Linh Trần,40,lejane@yahoo.com,0955125427,16.04,2025-04-22
CUST-0678,Cô Nhật Hoàng,27,,0945957640,570.66,2026-02-13
CUST-0679,Cô Hồng Bùi,43,bhoang@gmail.com,0982498392,78.89,2024-06-02
CUST-0680,Hưng Quang Vũ,65,jane62@nguyen.com,0932441233,636.84,2025-01-27
CUST-0681,Nhật Phạm,19,john72@tran.biz,0937673162,100.84,2024-10-27
CUST-0682,Quý cô Thành Vũ,51,,0979039235,222.98,2024-11-30
CUST-0683,Minh Văn Hoàng,44,,0930346156,459.11,2025-07-15
CUST-0684,Quý cô Bảo Vũ,28,cduong@yahoo.com,0962268171,376.35,2024-11-17
CUST-0685,Hải Bùi,64,janele@duong.info,0966046419,331.14,2025-11-10
CUST-0686,Bác Châu Đặng,54,lejane@hotmail.com,0961205943,600.26,2025-03-28
CUST-0687,Quý ông Hưng Dương,150,,0950954654,164.02,2025-10-10
CUST-0688,Vân Vũ,57,jane60@dang.com,0991508632,59.26,2024-04-28
CUST-0689,Bảo Lê,23,wvu@yahoo.com,0993897015,279.38,2024-12-08
CUST-0690,Lan Hoàng,60,umaidang.com,0966024161,429.77,2025-10-31
CUST-0691,,56,dangjane@bui.com,0948096244ABC,447.62,2024-02-26
CUST-0692,Lâm Văn Bùi,200,jane79@tran.com,0953194979,223.41,2025-01-14
CUST-0693,Tùng Hữu Dương,50,jane55@le.info,0938264609,122.68,2024-04-24
CUST-0694,Bác Vũ Phạm,45,jane57@hotmail.com,0970299295,119.78,2025-05-06
CUST-0695,Kim Văn Vũ,61,janemai@gmail.com,0969116331,681.7,2025-05-11
CUST-0696,Phúc Lê,49,wdang@gmail.com,0969455158,531.66,2025-04-14
CUST-0697,Lâm Hữu Dương,37,jane22@yahoo.com,0940857216,54.96,2025-05-18
CUST-0698,Kim Bảo Phạm,43,johnhoang@hoang.biz,0905932971,-477.8,2024-12-06
CUST-0699,Yến Hoàng,21,johnduong@yahoo.com,0932735241,17.61,2026-01-17
CUST-0700,Mai Hoàng,37,rpham@hotmail.com,0973278195,-48.94,2025-12-31
CUST-0701,Chị Nhật Trần,26,buijane@tran.biz,0948198077,766.52,2025-11-26
CUST-0702,,36,jane87@tran.com,0949125652,334.84,2026-02-01
CUST-0703,Quý cô Mai Vũ,18,john77@vu.info,0957494902,502.41,2024-06-16
CUST-0704,Nam Phạm,45,jane42@hotmail.com,0947742229,183.94,2024-10-07
CUST-0705,Hạnh Hải Nguyễn,42,john90@dang.net,0967925298,537.26,2024-10-24
CUST-0706,Thành Mai Bảo Lê,32,janebui@gmail.com,0915343324,505.26,2025-06-09
CUST-0707,Hải Phạm,60,kduong@hotmail.com,0908335061,808.14,2024-11-04
CUST-0708,Hạnh Mai,22,duongjohn@vu.com,0937209484,403.1,2024-05-03
CUST-0709,Cô Xuân Lê,65,phamjohn@gmail.com,0999771805,51.88,2025-10-28
CUST-0710,Lâm Dương,19,etran@tran.com,0997490961,465.16,2025-09-04
CUST-0711,Anh Nhiên Hoàng,22,vujane@hotmail.com,0947258784,863.49,2025-07-08
CUST-0712,Anh Mai,54,jane88@duong.com,0970587722,434.99,2024-04-13
CUST-0713,Hải Thế Trần,43,john31@gmail.com,0934845871,712.4,2025-08-07
CUST-0714,Trọng Phạm,44,john36@le.com,0958796434,296.62,2025-02-23
CUST-0715,Quang Lê,43,,0969660606,30.65,2024-11-23
CUST-0716,Quý cô Hạnh Nguyễn,38,,0958833987,180.15,2025-12-19
CUST-0717,Tú Trần,57,janeduong@nguyen.biz,0973499601,465.5,2024-04-06
CUST-0718,,62,duongjohn@hotmail.com,0915622949,920.57,2024-07-27
CUST-0719,Nhật Phạm,23,jane02@gmail.com,0955732573,442.34,2025-02-14
CUST-0720,Dũng Hoàng Vũ,24,lejohn@hotmail.com,0966670808,250.88,2024-12-09
CUST-0721,,55,jane49@tran.com,0981828197,406.45,2025-06-10
CUST-0722,Cô Vi Bùi,23,vduong@gmail.com,0951295786,401.81,2026-01-13
CUST-0723,Hồng Hoàng,37,hoangjane@gmail.com,0903562439,748.35,2025-07-30
CUST-0724,Tùng Mai Phạm,32,johnle@gmail.com,0942108902,339.74,2025-04-17
CUST-0725,Vũ Tấn Đặng,28,johnvubui.com,0950271607,85.62,2025-12-27
CUST-0726,Quý cô Ngọc Dương,58,,0991128981,122.89,2024-06-28
CUST-0727,Cô Chi Hoàng,50,,0985748170,201.96,2024-02-28
CUST-0728,Kim Hữu Trần,40,jane16@hotmail.com,0943167045,357.59,2024-03-29
CUST-0729,Chị Bảo Hoàng,59,johnle@nguyen.org,0934596262,816.89,2024-07-07
CUST-0730,Chị Thành Trần,33,duongjohn@bui.com,0995005070,111.78,2025-09-15
CUST-0731,Quý cô An Mai,34,johntran@gmail.com,0953161177,205.3,2025-01-10
CUST-0732,Anh Trọng Nguyễn,56,qduonggmail.com,0958591779,161.34,2024-07-24
CUST-0733,Chị Phương Lê,59,johntran@vu.com,0933424579,84.6,2025-04-01
CUST-0734,Hoàng Đặng,58,john90@hotmail.com,0960320203,499.18,2024-06-27
CUST-0735,Thành Văn Hoàng,54,mdang@hotmail.com,0996737948,762.28,2025-01-29
CUST-0736,Nhật Vũ,46,john45@yahoo.com,0987158415ABC,684.32,2025-01-19
CUST-0737,Vân Lê,54,,0925476818,646.56,2024-07-13
CUST-0738,Phương Hoàng Lê,57,phamjane@hoang.com,0985838252,329.98,2024-05-10
CUST-0739,Chị Nhật Lê,58,janenguyen@yahoo.com,0946867752,322.98,2025-09-05
CUST-0740,Nam Trần,46,john99@gmail.com,0906227236,77.6,2025-10-25
CUST-0741,Quý cô Kim Hoàng,46,janetran@vu.com,0992372450,635.07,2025-07-01
CUST-0742,Phương Vũ,35,,0989721540,595.51,2024-12-15
CUST-0743,Tú Dương,40,janevu@gmail.com,0981199537,512.26,2025-12-03
CUST-0744,,37,jane85@yahoo.com,0945101739,467.13,2025-03-13
CUST-0745,Quý cô Dương Vũ,20,mmai@hoang.biz,0909191911,66.32,2025-10-08
CUST-0746,Bà Duyên Hoàng,36,wnguyen@hotmail.com,0977980660,85.96,2024-08-08
CUST-0747,Cô Hải Đặng,23,jane07@dang.com,0947057423,618.86,2025-05-01
CUST-0748,Thành Phú Lê,50,,0983541165,390.64,2025-06-19
CUST-0749,Anh Thành Phạm,55,vdang@yahoo.com,0952250139,558.77,2024-10-21
CUST-0750,Tùng Mai,65,shoang@pham.com,0996425856,896.92,2024-06-05
CUST-0751,Hà Thế Hoàng,46,john70@mai.com,0907333373,909.96,2024-06-14
CUST-0752,Thảo Phạm,200,aduong@bui.net,0996964546,655.32,2024-12-06
CUST-0753,Quang Tấn Mai,38,lejane@hotmail.com,0938921878,608.96,2024-10-23
CUST-0754,Khoa Phạm,50,janevu@hotmail.com,0907977961,159.35,2024-07-05
CUST-0755,Vân Dương,200,jane21@tran.com,0909762637,-19.85,2024-10-20
CUST-0756,Dũng Phạm,39,janenguyen@hotmail.com,0905911918,982.56,2025-01-09
CUST-0757,Chị Lâm Hoàng,23,,0969666725,509.5,2024-07-14
CUST-0758,Hạnh Đặng,29,fvu@le.biz,0933515718,48.75,2024-09-10
CUST-0759,Xuân Hoàng,63,dangjohn@nguyen.com,0956409951,-484.53,2024-07-05
CUST-0760,Quý cô Lan Mai,46,john29@hoang.com,0982709081,528.83,2025-11-10
CUST-0761,Khoa Trần,57,johntran@yahoo.com,0939295786,167.16,2025-10-23
CUST-0762,Ông Tùng Trần,-5,janele@gmail.com,0973605079,918.76,2024-05-09
CUST-0763,Hải Đặng,-10,janedang@gmail.com,0973466661,-336.81,2025-03-09
CUST-0764,Chi Trần,39,yhoangyahoo.com,0974080314,682.11,2026-01-15
CUST-0765,Bà Nhật Nguyễn,21,vujane@dang.biz,0988285031,791.33,2025-02-12
CUST-0766,Chị Nhật Đặng,59,janepham@nguyen.com,0914035263,341.3,2024-12-07
CUST-0767,An Trí Lê,39,jane94@vu.com,0966643749,103.56,2024-03-02
CUST-0768,An Mai Lê,61,tranjohn@duong.net,0952464844,392.7,2025-12-18
CUST-0769,Tú Trần,34,johnmai@yahoo.com,0932807711,726.5,2024-08-18
CUST-0770,Ánh Bùi,60,tranjohn@hoang.info,0927908335,964.77,2024-03-27
CUST-0771,Lan Đặng,56,janeduong@gmail.com,0906624813,874.55,2024-07-14
CUST-0772,Bà Dương Dương,39,ptran@mai.net,0950116880,90.69,2025-06-17
CUST-0773,Bà Thành Nguyễn,60,phamjohn@nguyen.com,0969130981,150.01,2024-03-09
CUST-0774,Quý ông Khoa Hoàng,40,rpham@yahoo.com,0994577278ABC,317.13,2026-01-06
CUST-0775,Quang Trí Vũ,59,kvu@nguyen.com,0920768362,701.5,2025-12-06
CUST-0776,Trung Hữu Bùi,43,cduong@yahoo.com,0975556283,137.66,2024-09-01
CUST-0777,Chị Duyên Phạm,63,wmai@yahoo.com,0954362718,938.62,2025-07-13
CUST-0778,Bác Trọng Bùi,37,johndang@bui.com,0970369249,-146.51,2025-10-12
CUST-0779,Quý cô Khoa Phạm,59,ddang@le.org,0998011100,793.75,2026-02-06
CUST-0780,Linh Trần,26,john23@yahoo.com,0915959775,673.42,2025-08-22
CUST-0781,Bà Hạnh Trần,65,johnbui@mai.biz,0928874312,997.19,2026-01-29
CUST-0782,Ông Hưng Lê,51,ebui@gmail.com,0909579927,102.52,2026-01-17
CUST-0783,Chi Hoàng,60,john51@gmail.com,0929462135,429.17,2024-10-07
CUST-0784,Thành Hoàng,41,hoangjane@gmail.com,0954384807,-169.83,2024-10-27
CUST-0785,Cô Hải Phạm,37,jane65@gmail.com,0947158029,188.46,2024-03-02
CUST-0786,Thảo Bùi,31,ybui@vu.biz,0955866525,348.32,2025-09-03
CUST-0787,Tùng Phạm,49,jane17@hotmail.com,0915810213,200.09,2024-04-20
CUST-0788,Bà Hà Lê,26,,0912975191,163.4,2024-04-06
CUST-0789,Chị Nhật Trần,36,tranjohn@pham.com,0916583737,845.98,2025-06-07
CUST-0790,Quý cô Hạnh Hoàng,24,gle@tran.com,0942893113,-267.87,2024-07-17
CUST-0791,Quang Xuân Bùi,52,omai@yahoo.com,0936453804,836.77,2024-09-28
CUST-0792,Cô An Trần,51,john96@gmail.com,0970159591,47.37,2025-05-10
CUST-0793,Dũng Dương,39,fdang@yahoo.com,0975833920,877.63,2025-08-12
CUST-0794,Huy Mai Dương,57,,0922660256,139.74,2025-12-29
CUST-0795,Quý cô Thành Nguyễn,42,johnhoang@gmail.com,0931067245,162.71,2024-07-25
CUST-0796,Chi Bùi,29,jane33@hoang.info,0966270511,833.03,2024-10-31
CUST-0797,Bác Hoàng Phạm,150,,0942549691,810.95,2025-06-02
CUST-0798,Bà Thành Đặng,28,jane10@dang.com,0935357485,723.97,2025-05-16
CUST-0799,Trung Trí Đặng,20,johnduong@nguyen.net,0916295187,416.75,2025-02-16
CUST-0800,Vũ Dương,61,janele@yahoo.com,0907330559,722.39,2025-03-03
CUST-0801,Bà Thành Dương,46,johnhoang@hotmail.com,0914038843,614.49,2025-10-29
CUST-0802,Kim Văn Vũ,65,johnvu@gmail.com,0906157276,785.96,2025-04-29
CUST-0803,Quý cô Thành Trần,32,mvu@hotmail.com,0997429250,538.67,2024-05-29
CUST-0804,Ánh Đặng,37,john56@hotmail.com,0906562590ABC,965.94,2025-07-06
CUST-0805,Dũng Hoàng,48,lejane@tran.com,0918231555,904.93,2024-04-26
CUST-0806,Thành Quang Dương,30,maijane@hotmail.com,0962813721,374.16,2025-10-07
CUST-0807,Quang Phạm,54,nguyenjohn@nguyen.com,0932285566,-319.5,2024-03-08
CUST-0808,Châu Nguyễn,47,nguyenjohnhotmail.com,0903397051,771.74,2025-05-19
CUST-0809,Minh Xuân Bùi,200,johnhoang@vu.net,0962394535,507.88,2026-01-20
CUST-0810,,44,cnguyen@hotmail.com,0986321061,966.61,2025-09-21
CUST-0811,Chị Vi Hoàng,30,janedang@yahoo.com,0903943804,803.25,2024-03-03
CUST-0812,Chị Ánh Đặng,26,ubui@duong.com,0977894319,874.27,2024-05-16
CUST-0813,Ánh Nguyễn,200,vujohn@duong.org,0921053365,644.77,2024-04-22
CUST-0814,Huy Nguyễn,41,tranjane@gmail.com,0947310720,559.0,2024-05-20
CUST-0815,Nhật Phạm,24,jane09@yahoo.com,0912316600,714.29,2025-03-15
CUST-0816,Nhật Bảo Lê,51,tranjane@duong.com,0904337009ABC,852.65,2025-12-02
CUST-0817,Phương Mai Bảo Phạm,36,jane19@duong.com,0955882556,-199.6,2024-07-07
CUST-0818,,28,janemai@yahoo.com,0956194255,280.06,2025-07-08
CUST-0819,Quý ông Tùng Lê,50,john95@hoang.com,0961618808,155.88,2024-05-13
CUST-0820,Thảo Mai,45,janeduong@dang.com,0986863956,100.8,2025-08-10
CUST-0821,Lâm Dương,32,,0943643813,818.54,2024-03-12
CUST-0822,Ngọc Vũ,40,johntran@vu.com,0965609456,931.17,2024-12-10
CUST-0823,Bà Hồng Hoàng,44,duongjohn@yahoo.com,0955047681,62.72,2025-01-16
CUST-0824,Châu Văn Bùi,50,,0917653970,380.22,2024-10-30
CUST-0825,Tùng Dương,42,atran@hoang.info,0918274968,-202.93,2025-07-14
CUST-0826,Thảo Hoàng,41,cle@le.org,0956121377,232.29,2024-09-03
CUST-0827,Hồng Lê,38,vujohngmail.com,0959737112,931.52,2024-06-10
CUST-0828,Cô Nhật Dương,63,tnguyen@hotmail.com,0958167046,653.46,2025-04-30
CUST-0829,Hà Quang Trần,27,jane68@gmail.com,0921021923ABC,146.22,2025-02-03
CUST-0830,Tùng Đức Dương,36,,0942605080,918.22,2024-05-20
CUST-0831,Nhiên Mai,150,john53@pham.info,0977312688,699.11,2025-12-20
CUST-0832,Bảo Lê,26,,0934606056,761.25,2024-03-15
CUST-0833,Bà Hồng Dương,48,janehoang@le.org,0984716906,454.12,2024-04-14
CUST-0834,Nhật Lê,18,jane64@dang.net,0995478769,906.8,2025-08-16
CUST-0835,Quý cô Thành Trần,19,john44@yahoo.com,0949835539,263.36,2024-07-20
CUST-0836,Khoa Hoàng Đặng,27,jane96@hotmail.com,0939243588,553.32,2024-10-29
CUST-0837,Quý cô Duyên Mai,64,vujohn@hoang.info,0953674978,612.79,2024-11-14
CUST-0838,Bà Khoa Trần,45,buijane@gmail.com,0913477894,120.07,2025-03-25
CUST-0839,Lâm Đức Nguyễn,36,ghoang@yahoo.com,0966512215,245.26,2025-10-05
CUST-0840,Ngọc Trần,25,maijane@gmail.com,0916309001,57.27,2024-11-11
CUST-0841,Khoa Bùi,44,johnhoang@mai.com,0920895326,642.56,2024-07-29
CUST-0842,Lan Trần,57,gtran@gmail.com,0963379223,462.54,2024-09-27
CUST-0843,An Phạm,25,mhoang@yahoo.com,0973311677,838.32,2024-06-18
CUST-0844,Khoa Hữu Nguyễn,49,janebui@hotmail.com,0955078967,600.77,2025-06-08
CUST-0845,Bà Lan Trần,19,janepham@gmail.com,0955643436,635.64,2025-06-03
CUST-0846,Ông Nhiên Phạm,54,,0967616453,249.52,2024-09-19
CUST-0847,Anh Mai Bảo Lê,27,johnnguyen@dang.com,0912198041,298.36,2025-04-05
CUST-0848,Bảo Lê,18,janevu@gmail.com,0936428131,618.66,2025-06-19
CUST-0849,Duyên Lê,33,kbui@gmail.com,0903911142,574.96,2025-04-12
CUST-0850,Nhật Mai,29,johnmai@gmail.com,0930524808,667.73,2025-03-20
CUST-0851,Hồng Lê,23,duongjohn@pham.com,0994737213,528.25,2024-06-27
CUST-0852,Hương Bùi,41,vujane@bui.net,0968785996,77.0,2025-09-28
CUST-0853,Minh Bùi,51,zle@pham.org,0954196664,548.64,2024-12-09
CUST-0854,Linh Dương,50,phamjane@duong.com,0946320374,558.61,2025-03-07
CUST-0855,Nhật Mai Đặng,42,ale@pham.com,0945057661,-87.83,2025-06-01
CUST-0856,Quang Mai,20,,0953482012,639.31,2025-09-23
CUST-0857,Hưng Nguyễn,41,john76@hoang.org,0954508917,261.11,2025-10-04
CUST-0858,Quý ông Minh Nguyễn,19,janedang@vu.com,0931964630,363.52,2024-03-28
CUST-0859,Nam Lê,22,mhoang@le.net,0994301204,351.35,2025-09-09
CUST-0860,Ông Quang Dương,64,,0974988558,660.53,2024-06-22
CUST-0861,Trọng Phạm,24,buijane@dang.info,0960944128,773.79,2024-08-14
CUST-0862,Chị Chi Lê,65,jane66@vu.com,0997150666,759.11,2024-06-21
CUST-0863,Nhật Văn Đặng,26,,0976936634,53.89,2024-08-29
CUST-0864,Bà Bảo Hoàng,52,gtran@gmail.com,0910286712,345.16,2024-04-02
CUST-0865,Chi Lê,59,janedang@hoang.com,0945109109,183.34,2024-02-23
CUST-0866,Chị Xuân Bùi,61,vujane@hotmail.com,0981942179,469.98,2025-12-16
CUST-0867,Phúc Mai,62,ohoang@nguyen.com,0927758446,483.75,2025-01-12
CUST-0868,Bà Dương Đặng,29,janele@nguyen.org,0912172214,813.38,2025-10-13
CUST-0869,Dũng Hải Dương,22,ptran@hotmail.com,0989437052,718.88,2024-12-22
CUST-0870,Bà Hương Nguyễn,47,jane27@bui.com,0972565920,-26.14,2025-12-29
CUST-0871,Bà Kim Trần,30,,0989743260,53.37,2025-10-13
CUST-0872,,30,jane01@yahoo.com,0983325848,886.93,2024-12-22
CUST-0873,Quý cô Vi Nguyễn,38,jane04yahoo.com,0906917679,934.04,2025-05-12
CUST-0874,Bà Ánh Hoàng,50,tvu@pham.org,0946408303,404.24,2025-11-22
CUST-0875,Anh Thành Nguyễn,52,tranjane@hotmail.com,0986084907,478.67,2025-05-18
CUST-0876,Bà Vi Trần,20,umai@le.com,0906153701,755.76,2024-06-02
CUST-0877,Phúc Vũ,30,ble@gmail.com,0925144881,293.25,2024-04-22
CUST-0878,Cô An Phạm,21,john17@tran.net,0978179415,867.14,2025-10-27
CUST-0879,Thành Lê,39,janenguyen@hotmail.com,0911225288,280.48,2024-07-22
CUST-0880,Bác Nam Đặng,41,,0963239791,442.58,2025-09-23
CUST-0881,Quý cô Vân Dương,-10,,0973095055,-353.38,2025-01-10
CUST-0882,Linh Dương,42,johnhoang@hoang.info,0978851905,345.65,2024-09-01
CUST-0883,Tùng Bùi,29,tranjohn@yahoo.com,0924624561,501.24,2025-04-10
CUST-0884,Vũ Mai Bảo Vũ,49,bnguyen@yahoo.com,0952128991,373.67,2024-11-30
CUST-0885,Hà Vũ,51,john29@gmail.com,0991304488,274.05,2026-02-01
CUST-0886,Nhật Mai,23,,0961540211,729.81,2025-05-24
CUST-0887,Hương Dương,23,zdang@vu.org,0983152291,436.3,2025-06-26
CUST-0888,Chi Phạm,29,johnbui@mai.org,0937830639,550.02,2025-07-24
CUST-0889,Lâm Thế Đặng,38,ahoang@vu.com,0964970169,111.57,2024-07-20
CUST-0890,Hoàng Hoàng,38,phamjohn@pham.com,0916234190,664.31,2025-07-13
CUST-0891,Cô Ánh Nguyễn,37,dangjohn@yahoo.com,0922155668,451.46,2025-08-04
CUST-0892,Bảo Phạm,63,janedang@pham.com,0960406720,431.85,2025-10-21
CUST-0893,Yến Dương,62,janetran@yahoo.com,0924426078,449.47,2024-04-13
CUST-0894,Bác Khoa Phạm,46,janeduongyahoo.com,0942737203,51.93,2025-07-08
CUST-0895,Quý ông Quang Mai,40,vujane@tran.net,0946019134,618.7,2024-09-05
CUST-0896,Chị Dương Dương,45,johndang@hoang.com,0973214644ABC,281.81,2025-05-23
CUST-0897,Quý cô Dương Hoàng,21,,0933505573,84.29,2025-04-11
CUST-0898,Châu Hải Bùi,58,tranjohn@bui.info,0968118723,412.15,2025-09-18
CUST-0899,Chị Linh Trần,50,john96@vu.org,0973153911ABC,803.09,2025-11-09
CUST-0900,Trọng Mai,61,duongjane@nguyen.com,0965118939,168.39,2024-09-25
CUST-0901,Hồng Đặng,19,smai@gmail.com,0901904322,151.35,2024-08-22
CUST-0902,Yến Lê,56,johnle@duong.info,0939201354,681.31,2025-12-02
CUST-0903,Bảo Quang Lê,46,knguyen@yahoo.com,0908261123,44.45,2024-04-19
CUST-0904,Quý cô Hà Bùi,22,janemai@duong.org,0989376297,243.64,2024-09-26
CUST-0905,Anh Hoàng Nguyễn,59,yvu@tran.org,0912038187,372.67,2024-12-25
CUST-0906,Cô Phương Lê,42,,0915881445,949.97,2025-04-24
CUST-0907,Chị An Bùi,20,johnpham@hotmail.com,0918297168,-346.29,2024-04-25
CUST-0908,Bảo Xuân Vũ,61,,0900152911,-239.15,2025-08-10
CUST-0909,Quý cô Vi Trần,-5,john90@hotmail.com,0925561844ABC,378.29,2024-09-12
CUST-0910,,22,jane81@gmail.com,0924890567,578.18,2024-03-25
CUST-0911,Nhật Văn Nguyễn,51,vujohn@dang.com,0915848266,373.28,2025-05-05
CUST-0912,Lâm Bùi,38,john55@dang.com,0996080706,653.07,2024-08-02
CUST-0913,Quý cô Duyên Hoàng,33,,0921040164,960.91,2025-12-02
CUST-0914,Phương Mai,19,jane28@duong.net,0936381643,738.32,2024-06-22
CUST-0915,Bảo Bùi,49,janebui@yahoo.com,0920362586,522.57,2024-08-07
CUST-0916,Hạnh Vũ,53,ynguyen@bui.com,0940263558,126.58,2025-08-06
CUST-0917,Bà Lâm Nguyễn,34,tbui@vu.com,0989880315,707.0,2024-08-28
CUST-0918,Bà Thành Lê,31,dangjohn@yahoo.com,0904333353,996.4,2025-11-27
CUST-0919,Nhiên Đặng,36,zpham@tran.org,0978718093,697.04,2024-08-28
CUST-0920,Hải Phạm,49,johnbui@hotmail.com,0953060119,208.18,2025-10-06
CUST-0921,Bác Thành Trần,26,umai@hotmail.com,0900230091,854.3,2024-11-08
CUST-0922,Hà Trí Hoàng,46,janedang@duong.com,0991609365,180.93,2025-06-10
CUST-0923,Hoàng Thị Trần,63,tranjane@gmail.com,0984336875,450.66,2025-12-04
CUST-0924,Duyên Lê,23,,0999821374,812.41,2024-11-09
CUST-0925,Huy Quang Trần,38,vujohn@hotmail.com,0986050537,671.16,2026-02-18
CUST-0926,Kim Bảo Nguyễn,63,lejane@nguyen.com,0983566910,74.29,2024-12-19
CUST-0927,Quý cô Hà Đặng,52,,0988269177,297.46,2025-01-17
CUST-0928,Chị Phương Vũ,37,tranjohn@yahoo.com,0980873543,852.85,2025-02-27
CUST-0929,,63,john01@duong.com,0985991449,712.47,2024-07-13
CUST-0930,Yến Dương,62,janehoang@hotmail.com,0999699648,641.32,2025-07-05
CUST-0931,Ông Minh Vũ,41,,0908499323,513.67,2024-05-17
CUST-0932,Chị Hạnh Lê,25,jhoang@gmail.com,0969087261,985.28,2025-02-12
CUST-0933,An Mai Lê,26,john89@dang.com,0982804056,244.37,2026-01-12
CUST-0934,Bảo Hoàng,49,john82@yahoo.com,0995826418,36.02,2024-12-16
CUST-0935,Thành Bảo Trần,53,,0938595143,576.55,2025-10-18
CUST-0936,Thành Mai,47,janemainguyen.com,0973008696,805.63,2026-01-27
CUST-0937,Hà Thị Trần,53,johntran@hotmail.com,0939500168,138.47,2024-04-06
CUST-0938,Vũ Vũ,23,john76@mai.org,0976205344,75.09,2024-03-07
CUST-0939,Quý ông Bảo Hoàng,43,dle@hotmail.com,0972662925,999.6,2024-03-09
CUST-0940,Nhật Dương,64,knguyen@hotmail.com,0991406884,483.88,2024-04-15
CUST-0941,Chị Mai Dương,44,lejane@le.biz,0917817032,771.47,2025-08-02
CUST-0942,Hà Hoàng,54,buijohnbui.net,0952778956,83.01,2024-05-27
CUST-0943,Chị Chi Trần,38,jane90@hotmail.com,0929502648,645.92,2024-03-27
CUST-0944,Kim Vũ,46,phamjane@gmail.com,0941678127,471.17,2025-09-20
CUST-0945,Anh Phúc Trần,51,johnduong@tran.net,0962985797,351.07,2024-08-22
CUST-0946,Lâm Hải Trần,53,jane05hoang.com,0979866177,643.4,2025-08-19
CUST-0947,Hồng Dương,29,xmai@nguyen.com,0968212235,770.1,2024-11-03
CUST-0948,Cô Kim Đặng,26,jane14@hoang.com,0982192596,438.29,2025-02-11
CUST-0949,Vân Hoàng,21,janehoang@hotmail.com,0984802205,833.08,2025-11-04
CUST-0950,Duyên Phạm,51,jane24@hotmail.com,0959881145,-490.72,2025-02-07
CUST-0951,Ông Bảo Trần,28,johnmai@yahoo.com,0976738209,170.35,2025-02-08
CUST-0952,Thành Trần,63,nduong@bui.com,0999687225,233.22,2025-03-29
CUST-0953,Quý cô Yến Nguyễn,51,buijohn@hotmail.com,0935040566,895.98,2025-09-10
CUST-0954,Bảo Thị Nguyễn,23,,0928679632,258.1,2024-11-23
CUST-0955,Phúc Phạm,58,jane33@dang.com,0941528572,956.79,2026-02-01
CUST-0956,Thành Xuân Hoàng,35,ohoangdang.com,0913818655,133.92,2024-03-13
CUST-0957,Bác Thành Mai,37,hoangjane@yahoo.com,0944303491,618.28,2026-01-04
CUST-0958,Hà Dương,23,johnpham@hotmail.com,0959340153,-247.4,2024-12-25
CUST-0959,Vũ Đặng,28,utran@yahoo.com,0931325936,595.89,2025-02-26
CUST-0960,Lâm Bùi,55,john09@yahoo.com,0921410527,162.65,2024-12-16
CUST-0961,Nhật Hoàng,60,hoangjohn@yahoo.com,0904523888,628.23,2025-12-19
CUST-0962,Thành Xuân Lê,56,dbui@yahoo.com,0998678744,344.24,2025-12-23
CUST-0963,Chị Nhật Đặng,54,jane96@yahoo.com,0959428249,50.78,2026-01-30
CUST-0964,Hà Bùi,19,lejohn@gmail.com,0902453931,90.41,2024-08-24
CUST-0965,Cô Thành Đặng,59,johndang@duong.com,0968214448,773.31,2025-04-05
CUST-0966,Kim Mai Bảo Lê,34,janeduong@hotmail.com,0974620258,654.62,2025-09-18
CUST-0967,Bà Hạnh Phạm,54,johnmai@le.com,0923920491,422.42,2024-04-08
CUST-0968,,58,fvu@pham.com,0908276817,39.98,2024-07-09
CUST-0969,Bà Nhật Dương,58,jane84@yahoo.com,0926290529,550.12,2024-05-03
CUST-0970,Quý ông Tùng Phạm,59,jnguyenduong.info,0921733739,957.08,2025-07-16
CUST-0971,,48,johnbui@tran.com,0991438823,252.43,2026-01-19
CUST-0972,Bà Hải Đặng,61,janemai@vu.info,0977326430,412.03,2025-05-11
CUST-0973,Anh Đức Hoàng,47,lejane@hotmail.com,0997029271,82.24,2024-06-27
CUST-0974,Linh Phạm,21,ntran@yahoo.com,0952988322,166.5,2024-03-15
CUST-0975,Bảo Đặng,44,maijohn@gmail.com,0900487978,489.41,2025-03-20
CUST-0976,Bác Trung Đặng,31,johnmai@yahoo.com,0900304436,346.79,2025-07-08
CUST-0977,Khoa Hoàng,27,duongjohn@yahoo.com,0923910292,319.46,2025-10-20
CUST-0978,Nam Quang Vũ,63,pvu@nguyen.com,0909671397ABC,326.12,2024-05-05
CUST-0979,Bảo Bùi,40,johntran@le.info,0967201911,975.62,2024-05-20
CUST-0980,Kim Đức Lê,26,tranjohnle.com,0987339304,763.06,2025-05-12
CUST-0981,Quý cô Hồng Đặng,50,lejane@mai.com,0921140868,566.03,2024-06-11
CUST-0982,Nam Tấn Lê,38,jane20@dang.biz,0910399529,249.32,2025-03-14
CUST-0983,Vi Trần,25,jtran@pham.net,0958564230,274.8,2024-09-11
CUST-0984,Nhật Lê,33,,0927387402,149.47,2025-06-02
CUST-0985,Chi Trần,21,bhoang@yahoo.com,0932248155,297.31,2024-09-12
CUST-0986,Cô Lâm Vũ,42,johntran@hoang.biz,0979756491,865.52,2024-12-07
CUST-0987,Bác Quang Vũ,44,johnvu@yahoo.com,0912476010,255.79,2025-04-29
CUST-0988,Vi Trần,28,phamjohn@mai.com,0976417268,815.34,2024-03-27
CUST-0989,Vân Trần,54,jtranhotmail.com,0901507138,-161.65,2024-03-26
CUST-0990,Nhật Đức Phạm,30,vpham@nguyen.com,0958474362ABC,765.49,2024-05-21
CUST-0991,Cô Ngọc Hoàng,49,janemai@hotmail.com,0957669470,996.01,2024-07-30
CUST-0992,Phương Nguyễn,47,johnhoang@yahoo.com,0927466621,503.77,2024-11-23
CUST-0993,Phương Phạm,37,cnguyen@vu.biz,0961459011,502.4,2024-04-02
CUST-0994,Quý ông Bảo Trần,23,nguyenjane@hotmail.com,0938819490,945.78,2024-10-24
CUST-0995,,50,john94@bui.org,0987313797,462.66,2025-08-08
CUST-0996,Kim Bùi,33,buijane@gmail.com,0923740779,-339.3,2024-09-16
CUST-0997,Chị Ánh Lê,40,nlehotmail.com,0989949919,58.17,2025-02-03
CUST-0998,Hương Vũ,36,ble@duong.info,0982116020,499.95,2025-06-26
CUST-0999,Tú Mai,59,janehoang@le.com,0970889480,675.8,2025-11-17
